skuCodeRaw,rawDescription,lineItemCount,obdCount
5852572,WS Prima E900 Gen tint Int.Base(92) 20L,68,58
5852571,WS Prima E900 Gen tint White base(90)20L,65,54
9061393,PS Sealer 800 20L,52,52
5852573,WS Prima E900 Gen tint AccentBase(94)20L,38,34
5818100,WS PU Elastomeric Brl White 20Ltr,37,37
5818104,WS PU Elastomeric Int base(92) 20Ltr,34,24
IN70449281,PS WS UltraClean TINT 92 Base 20L,29,23
IN70809081,PS WS E1000 TINT White Base 20L,27,26
5949671,WS Elastomeric 12 Gentint 92 base 20L,25,18
IN70070181,DN WS PROJ GENRIC TINT 1090 BASE 20LT,24,23
5879693,PS Weathershield Sealer E900 20L,22,20
5955806,DN WS Max Gen 10yr 90 Base 20L,21,19
5949672,WS Elastomeric 12 Gentint 94 base 20L,20,20
IN43100068,PS Creation Sandtex HS 30 Kg,20,16
5907185,DN WS  Protect DP Gen tint 90base 20L,19,17
5967877,DN WS  Protect Hi-sheen Gen 90 20L,19,17
IN70449481,PS WS UltraClean GENRIC TINT 94 Base 18L,18,17
IN70809281,PS WS E1000 TINT Intermediate Base 20L,18,18
5844388,WS Prima E900 Brilliant White 20L,17,17
5948217,DN WS Max 10yr 93 Base 4L,17,17
6428052,Branded Umbrella,17,17
IN70270181,DN GLOSS GENRIC TINT 0090 BASE 20LT,17,14
IN86400081,PS Interior A700 Brilliant White 20L,17,13
IN44709281,PS WS UltraClean Intermediate Base 20L,15,12
IN70869081,PS Interior A700 GENTINT 90Base 20L,15,13
IN70070381,DN WS PROJ GENRIC TINT 1094 BASE 20LT,14,10
5911946,DP M900 Gloss Enamel Gen tint 90 Base 20,13,13
5967915,DN WS  Protect Hi-sheen Gen93 20L,13,10
5949670,WS Elastomeric 12 Gentint 90 base 20L,12,10
5585872,Promise SmartChoice Int Tint Wht Bas 20L,11,9
5907189,DN WS  Protect DP Gen tint 92base 20L,11,9
IN32650081,PS WS Sealer E1000 20L,11,9
IN36819281,PS WS E1000 Intermediate Base 18L,11,8
IN70070281,DN WS PROJ GENRIC TINT 1092 BASE 20LT,11,11
IN70449081,PS WS UltraClean TINT White Base 20L,11,10
6047998,BAG,10,10
IN70109481,DN GLOSS GENRIC TINT ACCENT BASE 20L,10,9
IN70809481,PS WS E1000 GENTINT 94Base 18L,10,10
5955778,DN WS PF Gen 15yr 92 Base 20L,9,9
6432069,INDUCTION COOKTOP,9,9
IN03651071,DO Duco Reg White 4LT,9,9
IN13900774,WN Wanda check putty 200gm,9,7
IN23350081,PS INTERIOR A900 BRILLIANT WHITE 20L,9,6
5862521,Interior A100 Acry Distemper,8,6
5955810,DN WS Max Gen 10yr 92 Base 20L,8,8
5955814,DN WS Max Gen 10yr 93 Base 20L,8,6
5860306,DN Promise Interior Gen White Base 20L,7,5
5911947,DP M900 Gloss Enamel Gen tint 92 Base 20,7,6
5912041,WS PU TR E2000 Gen tint 92 base 20L,7,6
5948218,DN WS Max 10yr 93 Base 10L,7,7
6466289,FFM ELEMENT2 (12*2.3L+ Tick),7,7
IN03651072,D0 Duco Reg White 1L,7,6
IN19900172,AS Auto Star White 1L,7,6
IN36819081,PS WS E1000 White Base 20L,7,7
IN61100471,WN Wanda Basecoat SB 3004 3.7L,7,5
IN70270381,DN GLOSS GENRIC TINT 1092 BASE 20L,7,6
5825225,PS WS PU ELASTOMERIC 92 BAS GENERIC 20L,6,5
5912038,DP M900 Gloss Enamel Gen tint 94 Base 20,6,6
5967911,DN WS  Protect Hi-sheen Gen92 20L,6,6
IN32256881,PS Interior Sealer A500 20L,6,6
IN37750399,IP BANCO 10 CANNISTERS,6,1
IN61190372,WN Wanda Basecoat SB 3903 1L,6,4
IN61191172,WN Wanda Basecoat SB 3911 1L,6,5
IN70250281,DN SAT FIN GENRIC TINT 0790 BASE 20L,6,6
IN70849081,PS Exterior E700 GENTINT White Base 20L,6,6
IN70849281,PS Exterior E700 GENTINT 92 Base 18L,6,4
5576460,DP DUCO PU CLEAR COMBI 1L,5,5
5860311,DN Promise exterior Gen White Base 20L,5,5
5955782,DN WS PF Gen 15yr 93 Base 20L,5,4
5955818,DN WS Max Gen 10yr 94 Base 20L,5,5
5955820,DN WS Max Gen 10yr 95 Base 4L,5,5
6308833,Duffle Bag,5,5
IN19900272,AS Auto Star Black 1L,5,3
IN36819023,PS WS E1000 White Base 1L,5,5
IN36819481,PS WS E1000 Accent Base 18L,5,5
IN44700081,PS WS UltraClean Brilliant White 20L,5,4
IN44709223,PS WS UltraClean Intermediate Base 0.9L,5,5
IN61100371,WN Wanda Basecoat SB 3003 3.7L,5,3
IN61111071,WN Wanda Basecoat SB 3110 3.7L,5,4
IN61184071,WN Wanda Basecoat SB 3840 3.7L,5,3
IN61196472,WN Wanda Basecoat SB 3964 1L,5,4
IN64076473,WAN CLEAR 2:1 HARD IN 0.5L,5,4
IN70250571,DN SAT FIN GENRIC TINT 0892 BASE 4LT,5,5
IN70250581,DN SAT FIN GENRIC TINT 0892 BASE 20LT,5,5
IN70849481,PS Exterior E700 GENRIC TINT 94 Base 18L,5,5
5379505,WN Wanda 2K Topcoat 9450 1L,4,4
5585876,Promise SmartChoice Ext Tint Wht Bas 20L,4,4
5852574,WS Prima E900 Gen tint ROX(97)20L,4,4
5860074,DN Promise exterior GenTint 92 base 20L,4,4
5907187,DN WS  Protect DP Gen tint 92base 4L,4,4
5907193,DN WS  Protect DP Gen tint 93base 20L,4,4
5907197,DN WS  Protect DP Gen tint 94base 20L,4,4
5955774,DN WS PF Gen 15yr 90 Base 20L,4,4
6394361,Air Fryer,4,4
6432072,Robotic Vacuum Cleaner,4,4
6457595,"Dulux Super Brush Double 4"" South",4,4
6471187,Clip on Board,4,4
6474061,TAB,4,4
6474740,KUHL BLDC Ceiling Fan,4,4
IN19910072,AS Auto Star Clear 1L,4,4
IN54650471,WAN EASY RM WHITE IN 4L,4,1
IN60006472,WAN EASY PU THIN IN 1L,4,1
IN60006476,WAN EASY PU THIN IN 5L,4,2
IN61100271,WN Wanda Basecoat SB 3002 3.7L,4,2
IN61101072,WN Wanda Basecoat SB 3010 1L,4,3
IN61120071,WN Wanda Basecoat SB 3200 3.7L,4,4
IN61123372,WN Wanda Basecoat SB 3233 1L,4,4
IN61192572,WN Wanda Basecoat SB 3925 1L,4,4
IN61196872,WN Wanda Basecoat SB 3968 1L,4,4
IN61197072,WN Wanda Basecoat SB 3970 1L,4,4
IN70250271,DN SAT FIN GENRIC TINT 0790 BASE 4LT,4,4
IN70250681,DN SAT FIN GENRIC TINT 0894 BASE 20LT,4,4
IN70869281,PS Interior A700 GENTINT 92Base 20L,4,4
IN83109023,WS Prima E900 90 bas 1 Ltr Smplr,4,4
IN83109223,WS Prima E900 92 bas 1 Ltr Smplr,4,4
5379504,WN Wanda 2K Topcoat 9432 3.7L,3,3
5379506,WN Wanda 2K Topcoat 9452 1L,3,3
5751240,WN WAN 2:1 SMART HV CLEAR AS 1L,3,3
5751241,WN WAN 2:1 SMART HV CLEAR AS 5L,3,3
5765908,PS Creation Sandtex Ultrafine 30kg,3,3
5948183,DN WS PF 15yr 93 Base 20L,3,3
5953894,Promise SmartC Distemper Gen 20 Kg,3,3
5990193,WS Prima E900 94 base 0.9L,3,3
6391464,Water Dispensors,3,3
IN11029263,AS Auto Star Neutral Base 400ML,3,1
IN19900072,AS Auto Star Aluminium 1L,3,2
IN19904372,AS Auto Star Milky White 1L,3,3
IN23600081,DN IAE PROJ WHITE 20L,3,1
IN32301172,WN Wanda Plastic Primer 1L,3,3
IN36810081,PS WS E1000 Brilliant White 20L,3,3
IN45109281,DN WS PROJ INTERMEDIATE BASE 18LT,3,1
IN61100772,WN Wanda Basecoat SB 3007 1L,3,2
IN61127672,WN Wanda Basecoat SB 3276 1L,3,3
IN61140072,WN Wanda Basecoat SB 3400 1L,3,3
IN61145772,WN Wanda Basecoat SB 3457 1L,3,3
IN61196672,WN Wanda Basecoat SB 3966 1L,3,3
IN70010181,DN VT PG GEN TINT 4090 BASE 20L,3,3
IN70270382,DN GLOSS GENRIC TINT 1092 BASE 10LT,3,3
IN70909081,DN VT PLATINUM GLO GEN TINT 90 BASE 20L,3,3
5379496,WN Wanda 2K Topcoat 9330 1L,2,2
5379503,WN Wanda 2K Topcoat 9431 1L,2,1
5553506,WN WANDA 2:1 STD HARDENER 500ml,2,2
5575543,WN Wanda Basecoat SB 3681 1L,2,2
5585871,Promise SmartChoice Int Tint Wht Bas 10L,2,2
5725271,DN Promise Sheen Interior Generic Tint W,2,2
5734569,DN POLYPUTTY 40KG CIC,2,2
5801998,WAN BCOAT SB 3655 AS 1L,2,2
5811485,WS PU Elastomeric Accent base(94) 20Ltr,2,2
5818102,WS PU Elastomeric Wht base(90) 20Ltr,2,1
5818162,DN WS Powerflexx 94 Base GenTint 18L,2,2
5844390,WS Prima E900 Int.Base(92) 20L,2,2
5852866,DN WS Rainproof Gen Tint 92 Base 18L,2,2
5853998,DPP-SuperCover Ultra Gentint 90base 20L,2,1
5955804,DN WS Max Gen 10yr 90 Base 4L,2,2
5955805,DN WS Max Gen 10yr 90 Base 10L,2,2
5955822,DN WS Max Gen 10yr 95 Base 20L,2,2
5967910,DN WS  Protect Hi-sheen Gen92 10L,2,2
5984145,DN SAT FIN 93 GEN BASE 3.7L,2,2
5984151,DN DULUX GLOSS 93 GEN BASE 18.5L,2,2
5984278,DN PROMISE EXTERIOR 93 Gen BASE 18.5L,2,2
6047818,FAN,2,2
6305265,Shaker 20 ltr PHOENIX,2,2
6427647,FFM X-Smart XL-32C,2,2
6473320,Casio Vintage Rose Gold Watch,2,2
IN11006363,DO Duco Base 400ML,2,2
IN11006379,DO DUCO BASE 2.5L,2,1
IN19900372,AS Auto Star P O Red 1L,2,2
IN36819223,PS WS E1000 Intermediate Base 0.9L,2,2
IN44709423,PS WS UltraClean Accent Base 0.9L,2,2
IN46259023,PS WS Elastomeric White Base 1L,2,2
IN46259423,PS WS Elastomeric Accent Base 0.9L,2,2
IN51001272,WAN 1K PRIM WHITE IN 1L,2,1
IN51001472,WAN 1K PRIM GREY IN 1L,2,1
IN60000676,DO Duco Thinner 5L,2,2
IN60006481,WAN EASY PU THIN IN 20L,2,1
IN61100671,WN Wanda Basecoat SB 3006 3.7L,2,2
IN61110071,WN Wanda Basecoat SB 3100 3.7L,2,2
IN61110172,WN Wanda Basecoat SB 3001 1L,2,2
IN61110672,WN Wanda Basecoat SB 3106 1L,2,2
IN61143472,WN Wanda Basecoat SB 3434 1L,2,2
IN61154572,WN Wanda Basecoat SB 3545 1L,2,2
IN61156572,WN Wanda Basecoat SB 3565 1L,2,2
IN61165672,WN Wanda Basecoat SB 3656 1L,2,2
IN61172372,WN Wanda Basecoat SB 3723 1L,2,2
IN61180071,WN Wanda Basecoat SB 3800 3.7L,2,2
IN61191272,WN Wanda Basecoat SB 3912 1L,2,2
IN61193072,WN Wanda Basecoat SB 3930 1L,2,2
IN70010182,DN VT PG GEN TINT 4090 BASE,2,2
IN70109471,DN GLOSS GENRIC TINT 1094 BASE 4L,2,2
IN70129081,DN SATIN STAY BRIGHT GENERIC 90 BASE 18L,2,2
IN70449781,PS WS UltraClean GENRIC TINT ROX 18L,2,2
IN70909082,DN VT PLATINUM GLO GENTINT 90 BASE 10L,2,2
IN74009023,PS WS TR E2000 White Base 1L,2,2
IN74009223,PS WS TR E2000 Intermediate Base 1L,2,2
IN84400081,PS Exterior E700 Brilliant White 20L,2,2
5379494,WN Wanda 2K Topcoat 9240 3.7L,1,1
5379495,WN Wanda 2K Topcoat 9260 3.7L,1,1
5379499,WN Wanda 2K Topcoat 9370 1L,1,1
5379500,WN Wanda 2K Topcoat 9371 1L,1,1
5379501,WN Wanda 2K Topcoat 9372 1L,1,1
5379507,WN Wanda 2K Topcoat 9540 1L,1,1
5379508,WN Wanda 2K Topcoat 9560 1L,1,1
5379509,WN Wanda 2K Topcoat 9650 3.7L,1,1
5379510,WN Wanda 2K Topcoat  9760 1L,1,1
5725197,DN Promise Sheen Exterior Generic Tint W,1,1
5725270,DN Promise Sheen Interior Generic Tint W,1,1
5758555,WAN UNIV HARD AS 1L,1,1
5825224,PS WS PU ELASTOMERIC 90 BAS GENERIC 20L,1,1
5825227,PS WS PU ELASTOMERIC 94 BAS GENERIC 20L,1,1
5825229,PS WS PU ELASTOMERIC 96 BAS GENERIC 20L,1,1
5844391,WS Prima E900 Accent Base(94) 20L,1,1
5860078,DN Promise Exterior GenTint 94 base 20L,1,1
5860310,DN Promise exterior Gen White Base 10L,1,1
5901075,WS TR E2000 92 Base 20Ltr,1,1
5907186,DN WS  Protect DP Gen tint 90base 10L,1,1
5907195,DN WS  Protect DP Gen tint 94base 4L,1,1
5907198,DN WS  Protect DP Gen tint 94base 9L,1,1
5907201,DN WS  Protect DP Gen tint 95base 20L,1,1
5907216,DN WS  Protect DP Gen tint 90base 1LTR,1,1
5907217,DN WS  Protect DP Gen tint 92base 0.9LTR,1,1
5907219,DN WS  Protect DP Gen tint 94base 0.9LTR,1,1
5912040,WS PU TR E2000 Gen tint 90 base 20L,1,1
5912043,WS PU TR E2000 Gen tint 93 base 20L,1,1
5916033,WAN EZ BC RM PREMIUM SILVER IN 1L,1,1
5918461,DN SuperClean New Gentint 90 Base 4L,1,1
5918463,DN SuperClean New Gentint 90 base 20L,1,1
5921078,DN VT ETERNA MATT 93 BASE� .925L,1,1
5955803,DN WS Max Gen 10yr 90 Base 1L,1,1
5955807,DN WS Max Gen 10yr 92 Base 1L,1,1
5955808,DN WS Max Gen 10yr 92 Base 4L,1,1
5955809,DN WS Max Gen 10yr 92 Base 10L,1,1
5955817,DN WS Max Gen 10yr 94 Base 10L,1,1
5955826,DN WS Max Gen 10yr 96 Base 20L,1,1
5967876,DN WS  Protect Hi-sheen Gen 90 10L,1,1
5967914,DN WS  Protect Hi-sheen Gen93 10L,1,1
5984144,DN SAT FIN 93 GEN  BASE 0.925L,1,1
5984147,DN SAT FIN 93 GEN BASE 18.5L,1,1
5984149,DN GLOSS 93 GEN BASE 3.7L,1,1
5984153,DN SATIN STAY BRIGHT 93 GEN BASE 0.925L,1,1
5984277,DN PROMISE EXTERIOR 93 Gen BASE 9.25L,1,1
5990188,PS WS TR E2000 93 base 0.925L,1,1
6048014,BAG (STROLLEY BAG),1,1
6048072,MIXER GRAINDER,1,1
6314469,First 1 TX (12C),1,1
6384907,3 Burner Glass Cooktop,1,1
6409676,Backpack,1,1
6416338,First1 LX 12-OS,1,1
6416339,Shaker 20 ltr PHOENIX-OS,1,1
6426729,Philips Induction Cooktop,1,1
6427173,1.5 TON AC SPLIT,1,1
6427959,Apple IPad,1,1
6432064,BRANDED STROLLY BAG,1,1
6432071,Philips Multimedia speaker system,1,1
6434601,Branded LED TV 55,1,1
6438152,Kitchen Chimney Branded,1,1
6453741,Desktop,1,1
6457578,"Dulux Smart Brush Double 4"" South",1,1
6474027,Electric Food Warner,1,1
IN11006663,AI DSA Blending Clear 400ML,1,1
IN11029063,AS Auto Star White Base 400ML,1,1
IN19902172,AS Auto Star Racing Blue 1L,1,1
IN19903772,AS Auto Star Crystal White 1LT,1,1
IN19905272,AI Auto Star Bianco 1L,1,1
IN19908472,AS Auto Star New Superior White 1L,1,1
IN19908672,AI Auto Star Maximo Diamond White 1L,1,1
IN32304372,WAN PU PS GREY IN 1L,1,1
IN37750299,IP HEROMIX GYROSCOPIC MIXER,1,1
IN44709023,PS WS UltraClean White Base 1L,1,1
IN44709481,PS WS UltraClean Accent Base 18L,1,1
IN45100081,DN WS PROJ BRILLIANT WHITE 20LT,1,1
IN46250023,PS WS Elastomeric Brilliant White 1L,1,1
IN46259223,PS WS Elastomeric Intermediate Base 0.9L,1,1
IN51000372,WAN EASY BC MM 510003 IN 1L,1,1
IN51000472,WAN EASY BC MM 510004 IN 1L,1,1
IN51000672,WN WE Toner med bright aluminium 1L,1,1
IN51000872,WAN EASY BC MM 510008 IN 1L,1,1
IN51008872,WAN EASY BC MM 510088 IN 1L,1,1
IN51012172,WAN EASY BC MM 510121 IN 1L,1,1
IN51012272,WAN EASY BC MM 510122 IN 1L,1,1
IN51014072,WAN EASY TC 510140 IN 1L,1,1
IN51016072,WAN EASY TC 510160 IN 1L,1,1
IN51045472,WAN EASY TC 510454 IN 1L,1,1
IN51056572,WAN EASY TC 510565 IN 1L,1,1
IN51071172,WAN EASY BC MM 510711 IN 1L,1,1
IN60000672,DO Duco Thinner 1L,1,1
IN61112072,WN Wanda Basecoat SB 3120 1L,1,1
IN61120372,WN Wanda Basecoat SB 3203 1L,1,1
IN61120672,WN Wanda Basecoat SB 3206 1L,1,1
IN61123272,WN Wanda Basecoat SB 3232 1L,1,1
IN61123672,WN Wanda Basecoat SB 3236 1L,1,1
IN61124872,WN Wanda Basecoat SB 3248 1L,1,1
IN61145672,WN Wanda Basecoat SB 3456 1L,1,1
IN61162472,WN Wanda Basecoat SB 3624 1L,1,1
IN61191072,WN Wanda Basecoat SB 3910 1L,1,1
IN61192072,WN Wanda Basecoat SB 3920 1L,1,1
IN61192372,WN Wanda Basecoat SB 3923 1L,1,1
IN61192472,WN Wanda Basecoat SB 3924 1L,1,1
IN61192672,WN Wanda Basecoat SB 3926 1L,1,1
IN61195272,WN Wanda Basecoat SB 3952 1L,1,1
IN61195472,WN Wanda Basecoat SB 3954 1L,1,1
IN61196272,WN Wanda Basecoat SB 3962 1L,1,1
IN70069081,DN WS MAX Generic Tint WHITE BASE 20L,1,1
IN70110781,DN AE PROJ GEN TINT;BASE IN23609081,1,1
IN70129082,DN WB SATIN GENRIC TINT 1290 BASE 10L,1,1
IN70129272,DN WB SATIN GENRIC TINT 1292 BASE 1L,1,1
IN70250481,DN SAT FIN GENRIC TINT 0890 BASE 20L,1,1
IN70250671,DN SAT FIN GENRIC TINT 0894 BASE 4LT,1,1
IN70270171,DN GLOSS GENRIC TINT 0090 BASE 4LT,1,1
IN70909272,DN VT PLATINUM GLO GEN TINT 92 BASE 1L,1,1
