liveKey,currentFamily,currentSubProduct,currentUiGroup,baseColour,displayName,proposedFamily,proposedUiGroup,proposedSubProduct,matchConfidence,note
LUXURIO|||MATT|||BRILLIANT WHITE,LUXURIO,MATT,,BRILLIANT WHITE,Luxurio Matt,LUXURIO,,MATT,HIGH,[family+subProduct+baseColour] no grouping change
LUXURIO|||MATT|||90 BASE,LUXURIO,MATT,,90 BASE,Luxurio Matt,LUXURIO,,MATT,HIGH,[family+subProduct+baseColour] no grouping change
LUXURIO|||MATT|||93 BASE,LUXURIO,MATT,,93 BASE,Luxurio Matt,LUXURIO,,MATT,HIGH,[family+subProduct+baseColour] no grouping change
LUXURIO|||GLOSS|||BRILLIANT WHITE,LUXURIO,GLOSS,,BRILLIANT WHITE,Luxurio Gloss,LUXURIO,,GLOSS,HIGH,[family+subProduct+baseColour] no grouping change
LUXURIO|||GLOSS|||90 BASE,LUXURIO,GLOSS,,90 BASE,Luxurio Gloss,LUXURIO,,GLOSS,HIGH,[family+subProduct+baseColour] no grouping change
LUXURIO|||GLOSS|||93 BASE,LUXURIO,GLOSS,,93 BASE,Luxurio Gloss,LUXURIO,,GLOSS,HIGH,[family+subProduct+baseColour] no grouping change
LUXURIO|||SEALER|||BRILLIANT WHITE,LUXURIO,SEALER,,BRILLIANT WHITE,Luxurio Sealer,LUXURIO,,SEALER,HIGH,[family+subProduct+baseColour] no grouping change
LUXURIO|||MATT|||BLACK,LUXURIO,MATT,,BLACK,Luxurio Matt,LUXURIO,,MATT,HIGH,[family+subProduct+baseColour] no grouping change
2K PU|||MATT|||BRILLIANT WHITE,2K PU,MATT,,BRILLIANT WHITE,2K PU Matt,2K PU,,MATT,HIGH,[family+subProduct+baseColour] no grouping change
2K PU|||MATT|||90 BASE,2K PU,MATT,,90 BASE,2K PU Matt,2K PU,,MATT,HIGH,[family+subProduct+baseColour] no grouping change
2K PU|||MATT|||93 BASE,2K PU,MATT,,93 BASE,2K PU Matt,2K PU,,MATT,HIGH,[family+subProduct+baseColour] no grouping change
LUXURIO|||GLOSS|||BLACK,LUXURIO,GLOSS,,BLACK,Luxurio Gloss,LUXURIO,,GLOSS,HIGH,[family+subProduct+baseColour] no grouping change
2K PU|||GLOSS|||BRILLIANT WHITE,2K PU,GLOSS,,BRILLIANT WHITE,2K PU Gloss,2K PU,,GLOSS,HIGH,[family+subProduct+baseColour] no grouping change
2K PU|||GLOSS|||90 BASE,2K PU,GLOSS,,90 BASE,2K PU Gloss,2K PU,,GLOSS,HIGH,[family+subProduct+baseColour] no grouping change
2K PU|||GLOSS|||93 BASE,2K PU,GLOSS,,93 BASE,2K PU Gloss,2K PU,,GLOSS,HIGH,[family+subProduct+baseColour] no grouping change
2K PU|||GLOSS|||93 BASE CLR,2K PU,GLOSS,,93 BASE CLR,2K PU Gloss,2K PU,,GLOSS,HIGH,[family+subProduct+baseColour] no grouping change
2K PU|||SEALER|||,2K PU,SEALER,,,2K PU Sealer,2K PU,,SEALER,HIGH,[family+subProduct+baseColour] no grouping change
2K PU|||PRIMER SURFACER|||BRILLIANT WHITE,2K PU,PRIMER SURFACER,,BRILLIANT WHITE,2K PU Primer Surfacer,2K PU,,PRIMER SURFACER,HIGH,[family+subProduct+baseColour] no grouping change
2K PU|||2K PU THINNER|||,2K PU,2K PU THINNER,,,2K PU Thinner,2K PU,,2K PU THINNER,HIGH,[family+subProduct+baseColour] no grouping change
PU PRIME|||MATT|||BRILLIANT WHITE,PU PRIME,MATT,,BRILLIANT WHITE,PU Prime Matt,PU PRIME,,MATT,HIGH,[family+subProduct+baseColour] no grouping change
PU PRIME|||MATT|||90 BASE,PU PRIME,MATT,,90 BASE,PU Prime Matt,PU PRIME,,MATT,HIGH,[family+subProduct+baseColour] no grouping change
PU PRIME|||MATT|||93 BASE,PU PRIME,MATT,,93 BASE,PU Prime Matt,PU PRIME,,MATT,HIGH,[family+subProduct+baseColour] no grouping change
2K PU|||GLOSS|||BLACK,2K PU,GLOSS,,BLACK,2K PU Gloss,2K PU,,GLOSS,HIGH,[family+subProduct+baseColour] no grouping change
PU PRIME|||GLOSS|||BRILLIANT WHITE,PU PRIME,GLOSS,,BRILLIANT WHITE,PU Prime Gloss,PU PRIME,,GLOSS,HIGH,[family+subProduct+baseColour] no grouping change
PU PRIME|||GLOSS|||90 BASE,PU PRIME,GLOSS,,90 BASE,PU Prime Gloss,PU PRIME,,GLOSS,HIGH,[family+subProduct+baseColour] no grouping change
PU PRIME|||GLOSS|||93 BASE,PU PRIME,GLOSS,,93 BASE,PU Prime Gloss,PU PRIME,,GLOSS,HIGH,[family+subProduct+baseColour] no grouping change
PU PRIME|||SEALER|||,PU PRIME,SEALER,,,PU Prime Sealer,PU PRIME,,SEALER,HIGH,[family+subProduct+baseColour] no grouping change
PU PRIME|||MULTI PURPOSE THINNER|||,PU PRIME,MULTI PURPOSE THINNER,,,Multi Purpose Thinner,PU PRIME,,MULTI PURPOSE THINNER,HIGH,[family+subProduct+baseColour] no grouping change
NC|||NC LACQUER|||,NC,NC LACQUER,,,NC Lacquer,NC,,NC LACQUER,HIGH,[family+subProduct+baseColour] no grouping change
NC|||NC OPAQUE|||,NC,NC OPAQUE,,,NC Opaque,NC,,NC OPAQUE,HIGH,[family+subProduct+baseColour] no grouping change
NC|||SYNTHETIC VARNISH|||,NC,SYNTHETIC VARNISH,,,Synthetic Varnish,NC,,SYNTHETIC VARNISH,HIGH,[family+subProduct+baseColour] no grouping change
NC|||NC 1KPU GLOSS|||,NC,NC 1KPU GLOSS,,,NC 1kpu Gloss,NC,,NC 1KPU GLOSS,HIGH,[family+subProduct+baseColour] no grouping change
NC|||NC SANDING SEALER|||,NC,NC SANDING SEALER,,,NC Sanding Sealer,NC,,NC SANDING SEALER,HIGH,[family+subProduct+baseColour] no grouping change
NC|||NC WOOD THINNER|||,NC,NC WOOD THINNER,,,NC Wood Thinner,NC,,NC WOOD THINNER,HIGH,[family+subProduct+baseColour] no grouping change
NC|||NC NECOL|||BRILLIANT WHITE,NC,NC NECOL,,BRILLIANT WHITE,NC Necol,NC,,NC NECOL,HIGH,[family+subProduct+baseColour] no grouping change
NC|||NC NECOL CLEAR|||,NC,NC NECOL CLEAR,,,NC Necol Clear,NC,,NC NECOL CLEAR,HIGH,[family+subProduct+baseColour] no grouping change
NC|||NC NECOL THINNER|||,NC,NC NECOL THINNER,,,NC Necol Thinner,NC,,NC NECOL THINNER,HIGH,[family+subProduct+baseColour] no grouping change
MELAMINE|||MELAMINE GLOSS|||,MELAMINE,MELAMINE GLOSS,,,Melamine Gloss,MELAMINE,,MELAMINE GLOSS,HIGH,[family+subProduct+baseColour] no grouping change
MELAMINE|||MELAMINE MATT|||,MELAMINE,MELAMINE MATT,,,Melamine Matt,MELAMINE,,MELAMINE MATT,HIGH,[family+subProduct+baseColour] no grouping change
MELAMINE|||MELAMINE SEALER|||,MELAMINE,MELAMINE SEALER,,,Melamine Sealer,MELAMINE,,MELAMINE SEALER,HIGH,[family+subProduct+baseColour] no grouping change
MELAMINE|||MELAMINE THINNER|||,MELAMINE,MELAMINE THINNER,,,Melamine Thinner,MELAMINE,,MELAMINE THINNER,HIGH,[family+subProduct+baseColour] no grouping change
NC|||NC NECOL|||BLACK,NC,NC NECOL,,BLACK,NC Necol,NC,,NC NECOL,HIGH,[family+subProduct+baseColour] no grouping change
WOOD STAIN|||WOOD STAIN|||WALNUT,WOOD STAIN,WOOD STAIN,,WALNUT,Wood Stain,WOOD STAIN,,WOOD STAIN,HIGH,[family+subProduct+baseColour] no grouping change
WOOD STAIN|||WOOD STAIN|||TEAK,WOOD STAIN,WOOD STAIN,,TEAK,Wood Stain,WOOD STAIN,,WOOD STAIN,HIGH,[family+subProduct+baseColour] no grouping change
WOOD STAIN|||WOOD STAIN|||ROSEWOOD,WOOD STAIN,WOOD STAIN,,ROSEWOOD,Wood Stain,WOOD STAIN,,WOOD STAIN,HIGH,[family+subProduct+baseColour] no grouping change
WOOD STAIN|||WOOD STAIN|||CHARCOAL,WOOD STAIN,WOOD STAIN,,CHARCOAL,Wood Stain,WOOD STAIN,,WOOD STAIN,HIGH,[family+subProduct+baseColour] no grouping change
WOOD FILLER|||WOOD FILLER|||BRILLIANT WHITE,WOOD FILLER,WOOD FILLER,,BRILLIANT WHITE,Wood Filler,WOOD FILLER,,WOOD FILLER,HIGH,[family+subProduct+baseColour] no grouping change
WOOD FILLER|||WOOD FILLER|||WALNUT,WOOD FILLER,WOOD FILLER,,WALNUT,Wood Filler,WOOD FILLER,,WOOD FILLER,HIGH,[family+subProduct+baseColour] no grouping change
WOOD FILLER|||WOOD FILLER|||TEAK,WOOD FILLER,WOOD FILLER,,TEAK,Wood Filler,WOOD FILLER,,WOOD FILLER,HIGH,[family+subProduct+baseColour] no grouping change
GLOSS|||GLOSS|||BRILLIANT WHITE,GLOSS,GLOSS,,BRILLIANT WHITE,Gloss,GLOSS,BASE,BASE,REVIEW,"matched via displayName+baseColour; [displayName+baseColour] subProduct GLOSS→BASE, uiGroup ∅→BASE"
GLOSS|||GLOSS|||90 BASE,GLOSS,GLOSS,,90 BASE,Gloss,GLOSS,BASE,BASE,REVIEW,"matched via displayName+baseColour; [displayName+baseColour] subProduct GLOSS→BASE, uiGroup ∅→BASE"
GLOSS|||GLOSS|||92 BASE,GLOSS,GLOSS,,92 BASE,Gloss,GLOSS,BASE,BASE,REVIEW,"matched via displayName+baseColour; [displayName+baseColour] subProduct GLOSS→BASE, uiGroup ∅→BASE"
GLOSS|||GLOSS|||93 BASE,GLOSS,GLOSS,,93 BASE,Gloss,GLOSS,BASE,BASE,REVIEW,"matched via displayName+baseColour; [displayName+baseColour] subProduct GLOSS→BASE, uiGroup ∅→BASE"
GLOSS|||GLOSS|||94 BASE,GLOSS,GLOSS,,94 BASE,Gloss,GLOSS,BASE,BASE,REVIEW,"matched via displayName+baseColour; [displayName+baseColour] subProduct GLOSS→BASE, uiGroup ∅→BASE"
GLOSS|||GLOSS|||BLAZING WHITE,GLOSS,GLOSS,,BLAZING WHITE,Gloss,GLOSS,COLOUR,COLOUR,REVIEW,"matched via displayName+baseColour; [displayName+baseColour] subProduct GLOSS→COLOUR, uiGroup ∅→COLOUR"
GLOSS|||GLOSS|||CLASSIC WHITE,GLOSS,GLOSS,,CLASSIC WHITE,Gloss,GLOSS,COLOUR,COLOUR,REVIEW,"matched via displayName+baseColour; [displayName+baseColour] subProduct GLOSS→COLOUR, uiGroup ∅→COLOUR"
GLOSS|||GLOSS|||GREEN BASE,GLOSS,GLOSS,,GREEN BASE,Gloss,GLOSS,BASE,BASE,REVIEW,"matched via displayName+baseColour; [displayName+baseColour] subProduct GLOSS→BASE, uiGroup ∅→BASE"
GLOSS|||GLOSS|||OFF WHITE,GLOSS,GLOSS,,OFF WHITE,Gloss,GLOSS,COLOUR,COLOUR,REVIEW,"matched via displayName+baseColour; [displayName+baseColour] subProduct GLOSS→COLOUR, uiGroup ∅→COLOUR"
GLOSS|||GLOSS|||ROYAL IVORY,GLOSS,GLOSS,,ROYAL IVORY,Gloss,GLOSS,COLOUR,COLOUR,REVIEW,"matched via displayName+baseColour; [displayName+baseColour] subProduct GLOSS→COLOUR, uiGroup ∅→COLOUR"
GLOSS|||GLOSS|||DA GREY,GLOSS,GLOSS,,DA GREY,Gloss,GLOSS,COLOUR,COLOUR,REVIEW,"matched via displayName+baseColour; [displayName+baseColour] subProduct GLOSS→COLOUR, uiGroup ∅→COLOUR"
GLOSS|||GLOSS|||TRUCK BROWN,GLOSS,GLOSS,,TRUCK BROWN,Gloss,GLOSS,COLOUR,COLOUR,REVIEW,"matched via displayName+baseColour; [displayName+baseColour] subProduct GLOSS→COLOUR, uiGroup ∅→COLOUR"
GLOSS|||GLOSS|||SAND STONE,GLOSS,GLOSS,,SAND STONE,Gloss,GLOSS,COLOUR,COLOUR,REVIEW,"matched via displayName+baseColour; [displayName+baseColour] subProduct GLOSS→COLOUR, uiGroup ∅→COLOUR"
GLOSS|||GLOSS|||OPALINE GREEN,GLOSS,GLOSS,,OPALINE GREEN,Gloss,GLOSS,COLOUR,COLOUR,REVIEW,"matched via displayName+baseColour; [displayName+baseColour] subProduct GLOSS→COLOUR, uiGroup ∅→COLOUR"
GLOSS|||GLOSS|||LEAF BROWN,GLOSS,GLOSS,,LEAF BROWN,Gloss,GLOSS,COLOUR,COLOUR,REVIEW,"matched via displayName+baseColour; [displayName+baseColour] subProduct GLOSS→COLOUR, uiGroup ∅→COLOUR"
GLOSS|||GLOSS|||PALE CREAM,GLOSS,GLOSS,,PALE CREAM,Gloss,GLOSS,COLOUR,COLOUR,REVIEW,"matched via displayName+baseColour; [displayName+baseColour] subProduct GLOSS→COLOUR, uiGroup ∅→COLOUR"
GLOSS|||GLOSS|||GOLDEN BROWN,GLOSS,GLOSS,,GOLDEN BROWN,Gloss,GLOSS,COLOUR,COLOUR,REVIEW,"matched via displayName+baseColour; [displayName+baseColour] subProduct GLOSS→COLOUR, uiGroup ∅→COLOUR"
GLOSS|||GLOSS|||PO RED,GLOSS,GLOSS,,PO RED,Gloss,GLOSS,COLOUR,COLOUR,REVIEW,"matched via displayName+baseColour; [displayName+baseColour] subProduct GLOSS→COLOUR, uiGroup ∅→COLOUR"
GLOSS|||GLOSS|||SMOKE GREY,GLOSS,GLOSS,,SMOKE GREY,Gloss,GLOSS,COLOUR,COLOUR,REVIEW,"matched via displayName+baseColour; [displayName+baseColour] subProduct GLOSS→COLOUR, uiGroup ∅→COLOUR"
GLOSS|||GLOSS|||DARK BROWN,GLOSS,GLOSS,,DARK BROWN,Gloss,GLOSS,COLOUR,COLOUR,REVIEW,"matched via displayName+baseColour; [displayName+baseColour] subProduct GLOSS→COLOUR, uiGroup ∅→COLOUR"
GLOSS|||GLOSS|||SKY BLUE,GLOSS,GLOSS,,SKY BLUE,Gloss,GLOSS,COLOUR,COLOUR,REVIEW,"matched via displayName+baseColour; [displayName+baseColour] subProduct GLOSS→COLOUR, uiGroup ∅→COLOUR"
GLOSS|||GLOSS|||LIGHT GREY,GLOSS,GLOSS,,LIGHT GREY,Gloss,GLOSS,COLOUR,COLOUR,REVIEW,"matched via displayName+baseColour; [displayName+baseColour] subProduct GLOSS→COLOUR, uiGroup ∅→COLOUR"
GLOSS|||GLOSS|||OXFORD BLUE,GLOSS,GLOSS,,OXFORD BLUE,Gloss,GLOSS,COLOUR,COLOUR,REVIEW,"matched via displayName+baseColour; [displayName+baseColour] subProduct GLOSS→COLOUR, uiGroup ∅→COLOUR"
GLOSS|||GLOSS|||AQUAMARINE,GLOSS,GLOSS,,AQUAMARINE,Gloss,GLOSS,COLOUR,COLOUR,REVIEW,"matched via displayName+baseColour; [displayName+baseColour] subProduct GLOSS→COLOUR, uiGroup ∅→COLOUR"
GLOSS|||GLOSS|||MIDDLE BUFF,GLOSS,GLOSS,,MIDDLE BUFF,Gloss,GLOSS,COLOUR,COLOUR,REVIEW,"matched via displayName+baseColour; [displayName+baseColour] subProduct GLOSS→COLOUR, uiGroup ∅→COLOUR"
GLOSS|||GLOSS|||CHERRY,GLOSS,GLOSS,,CHERRY,Gloss,GLOSS,COLOUR,COLOUR,REVIEW,"matched via displayName+baseColour; [displayName+baseColour] subProduct GLOSS→COLOUR, uiGroup ∅→COLOUR"
GLOSS|||GLOSS|||DEEP GREEN,GLOSS,GLOSS,,DEEP GREEN,Gloss,GLOSS,COLOUR,COLOUR,REVIEW,"matched via displayName+baseColour; [displayName+baseColour] subProduct GLOSS→COLOUR, uiGroup ∅→COLOUR"
GLOSS|||GLOSS|||WILD PURPLE,GLOSS,GLOSS,,WILD PURPLE,Gloss,GLOSS,COLOUR,COLOUR,REVIEW,"matched via displayName+baseColour; [displayName+baseColour] subProduct GLOSS→COLOUR, uiGroup ∅→COLOUR"
GLOSS|||GLOSS|||CASCADE GREEN,GLOSS,GLOSS,,CASCADE GREEN,Gloss,GLOSS,COLOUR,COLOUR,REVIEW,"matched via displayName+baseColour; [displayName+baseColour] subProduct GLOSS→COLOUR, uiGroup ∅→COLOUR"
GLOSS|||GLOSS|||SIGNAL RED,GLOSS,GLOSS,,SIGNAL RED,Gloss,GLOSS,COLOUR,COLOUR,REVIEW,"matched via displayName+baseColour; [displayName+baseColour] subProduct GLOSS→COLOUR, uiGroup ∅→COLOUR"
GLOSS|||GLOSS|||GOLDEN YELLOW,GLOSS,GLOSS,,GOLDEN YELLOW,Gloss,GLOSS,COLOUR,COLOUR,REVIEW,"matched via displayName+baseColour; [displayName+baseColour] subProduct GLOSS→COLOUR, uiGroup ∅→COLOUR"
GLOSS|||GLOSS|||MINT GREEN,GLOSS,GLOSS,,MINT GREEN,Gloss,GLOSS,COLOUR,COLOUR,REVIEW,"matched via displayName+baseColour; [displayName+baseColour] subProduct GLOSS→COLOUR, uiGroup ∅→COLOUR"
GLOSS|||GLOSS|||DEEP ORANGE,GLOSS,GLOSS,,DEEP ORANGE,Gloss,GLOSS,COLOUR,COLOUR,REVIEW,"matched via displayName+baseColour; [displayName+baseColour] subProduct GLOSS→COLOUR, uiGroup ∅→COLOUR"
GLOSS|||GLOSS|||MAHOGANY,GLOSS,GLOSS,,MAHOGANY,Gloss,GLOSS,COLOUR,COLOUR,REVIEW,"matched via displayName+baseColour; [displayName+baseColour] subProduct GLOSS→COLOUR, uiGroup ∅→COLOUR"
GLOSS|||GLOSS|||BUS GREEN,GLOSS,GLOSS,,BUS GREEN,Gloss,GLOSS,COLOUR,COLOUR,REVIEW,"matched via displayName+baseColour; [displayName+baseColour] subProduct GLOSS→COLOUR, uiGroup ∅→COLOUR"
GLOSS|||GLOSS|||DAWN,GLOSS,GLOSS,,DAWN,Gloss,GLOSS,COLOUR,COLOUR,REVIEW,"matched via displayName+baseColour; [displayName+baseColour] subProduct GLOSS→COLOUR, uiGroup ∅→COLOUR"
GLOSS|||GLOSS|||PHIROZA,GLOSS,GLOSS,,PHIROZA,Gloss,GLOSS,COLOUR,COLOUR,REVIEW,"matched via displayName+baseColour; [displayName+baseColour] subProduct GLOSS→COLOUR, uiGroup ∅→COLOUR"
GLOSS|||GLOSS|||BLACK,GLOSS,GLOSS,,BLACK,Gloss,GLOSS,COLOUR,COLOUR,REVIEW,"matched via displayName+baseColour; [displayName+baseColour] subProduct GLOSS→COLOUR, uiGroup ∅→COLOUR"
SATIN|||SUPER SATIN|||BRILLIANT WHITE,SATIN,SUPER SATIN,,BRILLIANT WHITE,Super Satin (Oil Satin / Satin Finish),SATIN,SUPER SATIN (Oil),SUPER SATIN,HIGH,[family+subProduct+baseColour] uiGroup ∅→SUPER SATIN (Oil)
SATIN|||SUPER SATIN|||90 BASE,SATIN,SUPER SATIN,,90 BASE,Super Satin (Oil Satin / Satin Finish),SATIN,SUPER SATIN (Oil),SUPER SATIN,HIGH,[family+subProduct+baseColour] uiGroup ∅→SUPER SATIN (Oil)
SATIN|||SUPER SATIN|||92 BASE,SATIN,SUPER SATIN,,92 BASE,Super Satin (Oil Satin / Satin Finish),SATIN,SUPER SATIN (Oil),SUPER SATIN,HIGH,[family+subProduct+baseColour] uiGroup ∅→SUPER SATIN (Oil)
SATIN|||SUPER SATIN|||93 BASE,SATIN,SUPER SATIN,,93 BASE,Super Satin (Oil Satin / Satin Finish),SATIN,SUPER SATIN (Oil),SUPER SATIN,HIGH,[family+subProduct+baseColour] uiGroup ∅→SUPER SATIN (Oil)
SATIN|||SUPER SATIN|||94 BASE,SATIN,SUPER SATIN,,94 BASE,Super Satin (Oil Satin / Satin Finish),SATIN,SUPER SATIN (Oil),SUPER SATIN,HIGH,[family+subProduct+baseColour] uiGroup ∅→SUPER SATIN (Oil)
SATIN|||SUPER SATIN|||96 BASE,SATIN,SUPER SATIN,,96 BASE,Super Satin (Oil Satin / Satin Finish),SATIN,SUPER SATIN (Oil),SUPER SATIN,HIGH,[family+subProduct+baseColour] uiGroup ∅→SUPER SATIN (Oil)
SATIN|||SUPER SATIN|||97 BASE,SATIN,SUPER SATIN,,97 BASE,Super Satin (Oil Satin / Satin Finish),SATIN,SUPER SATIN (Oil),SUPER SATIN,HIGH,[family+subProduct+baseColour] uiGroup ∅→SUPER SATIN (Oil)
SATIN|||SATIN STAY BRIGHT|||BRILLIANT WHITE,SATIN,SATIN STAY BRIGHT,,BRILLIANT WHITE,Satin Stay Bright (WB Satin),SATIN,SATIN STAY BRIGHT (WB),SATIN STAY BRIGHT,HIGH,[family+subProduct+baseColour] uiGroup ∅→SATIN STAY BRIGHT (WB)
SATIN|||SATIN STAY BRIGHT|||90 BASE,SATIN,SATIN STAY BRIGHT,,90 BASE,Satin Stay Bright (WB Satin),SATIN,SATIN STAY BRIGHT (WB),SATIN STAY BRIGHT,HIGH,[family+subProduct+baseColour] uiGroup ∅→SATIN STAY BRIGHT (WB)
SATIN|||SATIN STAY BRIGHT|||92 BASE,SATIN,SATIN STAY BRIGHT,,92 BASE,Satin Stay Bright (WB Satin),SATIN,SATIN STAY BRIGHT (WB),SATIN STAY BRIGHT,HIGH,[family+subProduct+baseColour] uiGroup ∅→SATIN STAY BRIGHT (WB)
SATIN|||SATIN STAY BRIGHT|||93 BASE,SATIN,SATIN STAY BRIGHT,,93 BASE,Satin Stay Bright (WB Satin),SATIN,SATIN STAY BRIGHT (WB),SATIN STAY BRIGHT,HIGH,[family+subProduct+baseColour] uiGroup ∅→SATIN STAY BRIGHT (WB)
SATIN|||SATIN STAY BRIGHT|||94 BASE,SATIN,SATIN STAY BRIGHT,,94 BASE,Satin Stay Bright (WB Satin),SATIN,SATIN STAY BRIGHT (WB),SATIN STAY BRIGHT,HIGH,[family+subProduct+baseColour] uiGroup ∅→SATIN STAY BRIGHT (WB)
SATIN|||SATIN STAY BRIGHT|||97 BASE,SATIN,SATIN STAY BRIGHT,,97 BASE,Satin Stay Bright (WB Satin),SATIN,SATIN STAY BRIGHT (WB),SATIN STAY BRIGHT,HIGH,[family+subProduct+baseColour] uiGroup ∅→SATIN STAY BRIGHT (WB)
SATIN|||SUPER SATIN|||BROWN,SATIN,SUPER SATIN,,BROWN,Super Satin (Oil Satin / Satin Finish),SATIN,SUPER SATIN (Oil),SUPER SATIN,HIGH,[family+subProduct+baseColour] uiGroup ∅→SUPER SATIN (Oil)
SATIN|||SATIN STAY BRIGHT|||WALNUT,SATIN,SATIN STAY BRIGHT,,WALNUT,Satin Stay Bright (WB Satin),SATIN,SATIN STAY BRIGHT (WB),SATIN STAY BRIGHT,HIGH,[family+subProduct+baseColour] uiGroup ∅→SATIN STAY BRIGHT (WB)
SATIN|||SUPER SATIN|||TIMBER GOLDEN BROWN,SATIN,SUPER SATIN,,TIMBER GOLDEN BROWN,Super Satin (Oil Satin / Satin Finish),SATIN,SUPER SATIN (Oil),SUPER SATIN,HIGH,[family+subProduct+baseColour] uiGroup ∅→SUPER SATIN (Oil)
SATIN|||SUPER SATIN|||TEAK,SATIN,SUPER SATIN,,TEAK,Super Satin (Oil Satin / Satin Finish),SATIN,SUPER SATIN (Oil),SUPER SATIN,HIGH,[family+subProduct+baseColour] uiGroup ∅→SUPER SATIN (Oil)
SATIN|||SUPER SATIN|||RICH BROWN,SATIN,SUPER SATIN,,RICH BROWN,Super Satin (Oil Satin / Satin Finish),SATIN,SUPER SATIN (Oil),SUPER SATIN,HIGH,[family+subProduct+baseColour] uiGroup ∅→SUPER SATIN (Oil)
VT ETERNA|||ETERNA|||BASECOAT,VT ETERNA,ETERNA,,BASECOAT,VT Eterna,VT ETERNA,,ETERNA,HIGH,[family+subProduct+baseColour] no grouping change
SATIN|||SUPER SATIN|||MAHOGANY,SATIN,SUPER SATIN,,MAHOGANY,Super Satin (Oil Satin / Satin Finish),SATIN,SUPER SATIN (Oil),SUPER SATIN,HIGH,[family+subProduct+baseColour] uiGroup ∅→SUPER SATIN (Oil)
SATIN|||SUPER SATIN|||SPECIAL TEAK,SATIN,SUPER SATIN,,SPECIAL TEAK,Super Satin (Oil Satin / Satin Finish),SATIN,SUPER SATIN (Oil),SUPER SATIN,HIGH,[family+subProduct+baseColour] uiGroup ∅→SUPER SATIN (Oil)
SATIN|||SUPER SATIN|||BLACK,SATIN,SUPER SATIN,,BLACK,Super Satin (Oil Satin / Satin Finish),SATIN,SUPER SATIN (Oil),SUPER SATIN,HIGH,[family+subProduct+baseColour] uiGroup ∅→SUPER SATIN (Oil)
LUSTRE|||LUSTRE|||BRILLIANT WHITE,LUSTRE,LUSTRE,,BRILLIANT WHITE,Lustre,LUSTRE,,LUSTRE,HIGH,[family+subProduct+baseColour] no grouping change
LUSTRE|||LUSTRE|||90 BASE,LUSTRE,LUSTRE,,90 BASE,Lustre,LUSTRE,,LUSTRE,HIGH,[family+subProduct+baseColour] no grouping change
LUSTRE|||LUSTRE|||92 BASE,LUSTRE,LUSTRE,,92 BASE,Lustre,LUSTRE,,LUSTRE,HIGH,[family+subProduct+baseColour] no grouping change
LUSTRE|||LUSTRE|||94 BASE,LUSTRE,LUSTRE,,94 BASE,Lustre,LUSTRE,,LUSTRE,HIGH,[family+subProduct+baseColour] no grouping change
SATIN|||SATIN STAY BRIGHT|||BLACK,SATIN,SATIN STAY BRIGHT,,BLACK,Satin Stay Bright (WB Satin),SATIN,SATIN STAY BRIGHT (WB),SATIN STAY BRIGHT,HIGH,[family+subProduct+baseColour] uiGroup ∅→SATIN STAY BRIGHT (WB)
LUSTRE|||LUSTRE|||YELLOW BASE,LUSTRE,LUSTRE,,YELLOW BASE,Lustre,LUSTRE,,LUSTRE,HIGH,[family+subProduct+baseColour] no grouping change
MAX|||MAX|||BRILLIANT WHITE,MAX,MAX,,BRILLIANT WHITE,Dulux WS Max,WS,MAX,MAX,HIGH,"[WS(subProduct+baseColour)] family MAX→WS, uiGroup ∅→MAX"
MAX|||MAX|||90 BASE,MAX,MAX,,90 BASE,Dulux WS Max,WS,MAX,MAX,HIGH,"[WS(subProduct+baseColour)] family MAX→WS, uiGroup ∅→MAX"
MAX|||MAX|||92 BASE,MAX,MAX,,92 BASE,Dulux WS Max,WS,MAX,MAX,HIGH,"[WS(subProduct+baseColour)] family MAX→WS, uiGroup ∅→MAX"
MAX|||MAX|||93 BASE,MAX,MAX,,93 BASE,Dulux WS Max,WS,MAX,MAX,HIGH,"[WS(subProduct+baseColour)] family MAX→WS, uiGroup ∅→MAX"
MAX|||MAX|||94 BASE,MAX,MAX,,94 BASE,Dulux WS Max,WS,MAX,MAX,HIGH,"[WS(subProduct+baseColour)] family MAX→WS, uiGroup ∅→MAX"
MAX|||MAX|||95 BASE,MAX,MAX,,95 BASE,Dulux WS Max,WS,MAX,MAX,HIGH,"[WS(subProduct+baseColour)] family MAX→WS, uiGroup ∅→MAX"
MAX|||MAX|||96 BASE,MAX,MAX,,96 BASE,Dulux WS Max,WS,MAX,MAX,HIGH,"[WS(subProduct+baseColour)] family MAX→WS, uiGroup ∅→MAX"
MAX|||MAX|||97 BASE,MAX,MAX,,97 BASE,Dulux WS Max,WS,MAX,MAX,HIGH,"[WS(subProduct+baseColour)] family MAX→WS, uiGroup ∅→MAX"
MAX|||MAX|||98 BASE,MAX,MAX,,98 BASE,Dulux WS Max,WS,MAX,MAX,HIGH,"[WS(subProduct+baseColour)] family MAX→WS, uiGroup ∅→MAX"
MAX|||MAX|||PASTEL BASE,MAX,MAX,,PASTEL BASE,Dulux WS Max,WS,MAX,MAX,HIGH,"[WS(subProduct+baseColour)] family MAX→WS, uiGroup ∅→MAX"
MAX|||MAX|||YELLOW BASE,MAX,MAX,,YELLOW BASE,Dulux WS Max,WS,MAX,MAX,HIGH,"[WS(subProduct+baseColour)] family MAX→WS, uiGroup ∅→MAX"
MAX|||MAX|||YELLOW OXIDE,MAX,MAX,,YELLOW OXIDE,Dulux WS Max,WS,MAX,MAX,HIGH,"[WS(subProduct+baseColour)] family MAX→WS, uiGroup ∅→MAX"
MAX|||MAX|||ROX,MAX,MAX,,ROX,Dulux WS Max,WS,MAX,MAX,HIGH,"[WS(subProduct+baseColour)] family MAX→WS, uiGroup ∅→MAX"
MAX|||MAX|||RED OXIDE,MAX,MAX,,RED OXIDE,Dulux WS Max,WS,MAX,MAX,HIGH,"[WS(subProduct+baseColour)] family MAX→WS, uiGroup ∅→MAX"
POWERFLEXX|||POWERFLEXX|||BRILLIANT WHITE,POWERFLEXX,POWERFLEXX,,BRILLIANT WHITE,Dulux WS Powerflexx,WS,POWERFLEXX,POWERFLEXX,HIGH,"[WS(subProduct+baseColour)] family POWERFLEXX→WS, uiGroup ∅→POWERFLEXX"
POWERFLEXX|||POWERFLEXX|||90 BASE,POWERFLEXX,POWERFLEXX,,90 BASE,Dulux WS Powerflexx,WS,POWERFLEXX,POWERFLEXX,HIGH,"[WS(subProduct+baseColour)] family POWERFLEXX→WS, uiGroup ∅→POWERFLEXX"
POWERFLEXX|||POWERFLEXX|||92 BASE,POWERFLEXX,POWERFLEXX,,92 BASE,Dulux WS Powerflexx,WS,POWERFLEXX,POWERFLEXX,HIGH,"[WS(subProduct+baseColour)] family POWERFLEXX→WS, uiGroup ∅→POWERFLEXX"
POWERFLEXX|||POWERFLEXX|||93 BASE,POWERFLEXX,POWERFLEXX,,93 BASE,Dulux WS Powerflexx,WS,POWERFLEXX,POWERFLEXX,HIGH,"[WS(subProduct+baseColour)] family POWERFLEXX→WS, uiGroup ∅→POWERFLEXX"
POWERFLEXX|||POWERFLEXX|||94 BASE,POWERFLEXX,POWERFLEXX,,94 BASE,Dulux WS Powerflexx,WS,POWERFLEXX,POWERFLEXX,HIGH,"[WS(subProduct+baseColour)] family POWERFLEXX→WS, uiGroup ∅→POWERFLEXX"
POWERFLEXX|||POWERFLEXX|||95 BASE,POWERFLEXX,POWERFLEXX,,95 BASE,Dulux WS Powerflexx,WS,POWERFLEXX,POWERFLEXX,HIGH,"[WS(subProduct+baseColour)] family POWERFLEXX→WS, uiGroup ∅→POWERFLEXX"
POWERFLEXX|||POWERFLEXX|||96 BASE,POWERFLEXX,POWERFLEXX,,96 BASE,Dulux WS Powerflexx,WS,POWERFLEXX,POWERFLEXX,HIGH,"[WS(subProduct+baseColour)] family POWERFLEXX→WS, uiGroup ∅→POWERFLEXX"
POWERFLEXX|||POWERFLEXX|||97 BASE,POWERFLEXX,POWERFLEXX,,97 BASE,Dulux WS Powerflexx,WS,POWERFLEXX,POWERFLEXX,HIGH,"[WS(subProduct+baseColour)] family POWERFLEXX→WS, uiGroup ∅→POWERFLEXX"
POWERFLEXX|||POWERFLEXX|||98 BASE,POWERFLEXX,POWERFLEXX,,98 BASE,Dulux WS Powerflexx,WS,POWERFLEXX,POWERFLEXX,HIGH,"[WS(subProduct+baseColour)] family POWERFLEXX→WS, uiGroup ∅→POWERFLEXX"
PROTECT|||PROTECT|||BRILLIANT WHITE,PROTECT,PROTECT,,BRILLIANT WHITE,Dulux WS Protect,WS,PROTECT,PROTECT,HIGH,"[WS(subProduct+baseColour)] family PROTECT→WS, uiGroup ∅→PROTECT"
PROTECT|||PROTECT|||90 BASE,PROTECT,PROTECT,,90 BASE,Dulux WS Protect,WS,PROTECT,PROTECT,HIGH,"[WS(subProduct+baseColour)] family PROTECT→WS, uiGroup ∅→PROTECT"
PROTECT|||PROTECT|||92 BASE,PROTECT,PROTECT,,92 BASE,Dulux WS Protect,WS,PROTECT,PROTECT,HIGH,"[WS(subProduct+baseColour)] family PROTECT→WS, uiGroup ∅→PROTECT"
PROTECT|||PROTECT|||93 BASE,PROTECT,PROTECT,,93 BASE,Dulux WS Protect,WS,PROTECT,PROTECT,HIGH,"[WS(subProduct+baseColour)] family PROTECT→WS, uiGroup ∅→PROTECT"
PROTECT|||PROTECT|||94 BASE,PROTECT,PROTECT,,94 BASE,Dulux WS Protect,WS,PROTECT,PROTECT,HIGH,"[WS(subProduct+baseColour)] family PROTECT→WS, uiGroup ∅→PROTECT"
PROTECT|||PROTECT|||95 BASE,PROTECT,PROTECT,,95 BASE,Dulux WS Protect,WS,PROTECT,PROTECT,HIGH,"[WS(subProduct+baseColour)] family PROTECT→WS, uiGroup ∅→PROTECT"
PROTECT|||PROTECT|||96 BASE,PROTECT,PROTECT,,96 BASE,Dulux WS Protect,WS,PROTECT,PROTECT,HIGH,"[WS(subProduct+baseColour)] family PROTECT→WS, uiGroup ∅→PROTECT"
PROTECT|||PROTECT|||97 BASE,PROTECT,PROTECT,,97 BASE,Dulux WS Protect,WS,PROTECT,PROTECT,HIGH,"[WS(subProduct+baseColour)] family PROTECT→WS, uiGroup ∅→PROTECT"
PROTECT|||PROTECT|||98 BASE,PROTECT,PROTECT,,98 BASE,Dulux WS Protect,WS,PROTECT,PROTECT,HIGH,"[WS(subProduct+baseColour)] family PROTECT→WS, uiGroup ∅→PROTECT"
PROTECT|||PROTECT DUSTPROOF|||92 BASE,PROTECT,PROTECT DUSTPROOF,,92 BASE,Dulux WS Protect Dustproof,WS,DUSTPROOF,DUSTPROOF,HIGH,"[WS(subProduct+baseColour)] family PROTECT→WS, subProduct PROTECT DUSTPROOF→DUSTPROOF, uiGroup ∅→DUSTPROOF"
PROTECT|||PROTECT DUSTPROOF|||94 BASE,PROTECT,PROTECT DUSTPROOF,,94 BASE,Dulux WS Protect Dustproof,WS,DUSTPROOF,DUSTPROOF,HIGH,"[WS(subProduct+baseColour)] family PROTECT→WS, subProduct PROTECT DUSTPROOF→DUSTPROOF, uiGroup ∅→DUSTPROOF"
PROTECT|||PROTECT DUSTPROOF|||95 BASE,PROTECT,PROTECT DUSTPROOF,,95 BASE,Dulux WS Protect Dustproof,WS,DUSTPROOF,DUSTPROOF,HIGH,"[WS(subProduct+baseColour)] family PROTECT→WS, subProduct PROTECT DUSTPROOF→DUSTPROOF, uiGroup ∅→DUSTPROOF"
PROTECT|||PROTECT DUSTPROOF|||97 BASE,PROTECT,PROTECT DUSTPROOF,,97 BASE,Dulux WS Protect Dustproof,WS,DUSTPROOF,DUSTPROOF,HIGH,"[WS(subProduct+baseColour)] family PROTECT→WS, subProduct PROTECT DUSTPROOF→DUSTPROOF, uiGroup ∅→DUSTPROOF"
PROTECT|||PROTECT DUSTPROOF|||98 BASE,PROTECT,PROTECT DUSTPROOF,,98 BASE,Dulux WS Protect Dustproof,WS,DUSTPROOF,DUSTPROOF,HIGH,"[WS(subProduct+baseColour)] family PROTECT→WS, subProduct PROTECT DUSTPROOF→DUSTPROOF, uiGroup ∅→DUSTPROOF"
PROTECT|||PROTECT DUSTPROOF|||YELLOW BASE,PROTECT,PROTECT DUSTPROOF,,YELLOW BASE,Dulux WS Protect Dustproof,WS,PROTECT,PROTECT,HIGH,[doc rescue] DUSTPROOF YELLOW BASE → WS / PROTECT (backup confirmed)
PROTECT|||PROTECT|||YELLOW OXIDE,PROTECT,PROTECT,,YELLOW OXIDE,Dulux WS Protect,WS,PROTECT,PROTECT,HIGH,"[WS(subProduct+baseColour)] family PROTECT→WS, uiGroup ∅→PROTECT"
PROTECT|||PROTECT|||PO RED,PROTECT,PROTECT,,PO RED,Dulux WS Protect,WS,PROTECT,PROTECT,HIGH,"[WS(subProduct+baseColour)] family PROTECT→WS, uiGroup ∅→PROTECT"
PROTECT|||PROTECT|||ELECTRIC BLUE PLUS,PROTECT,PROTECT,,ELECTRIC BLUE PLUS,Dulux WS Protect,WS,PROTECT,PROTECT,HIGH,"[WS(subProduct+baseColour)] family PROTECT→WS, uiGroup ∅→PROTECT"
PROTECT|||PROTECT|||SIGNAL RED,PROTECT,PROTECT,,SIGNAL RED,Dulux WS Protect,WS,PROTECT,PROTECT,HIGH,"[WS(subProduct+baseColour)] family PROTECT→WS, uiGroup ∅→PROTECT"
PROTECT|||PROTECT|||RED OXIDE,PROTECT,PROTECT,,RED OXIDE,Dulux WS Protect,WS,PROTECT,PROTECT,HIGH,"[WS(subProduct+baseColour)] family PROTECT→WS, uiGroup ∅→PROTECT"
PROTECT|||PROTECT|||TERACOTTA,PROTECT,PROTECT,,TERACOTTA,Dulux WS Protect,WS,PROTECT,PROTECT,HIGH,"[WS(subProduct+baseColour)] family PROTECT→WS, uiGroup ∅→PROTECT"
PROTECT|||PROTECT DUSTPROOF|||ROX,PROTECT,PROTECT DUSTPROOF,,ROX,Dulux WS Protect Dustproof,WS,PROTECT,PROTECT,HIGH,[doc rescue] DUSTPROOF ROX → WS / PROTECT (backup confirmed)
PROTECT|||PROTECT|||SUNRISE,PROTECT,PROTECT,,SUNRISE,Dulux WS Protect,WS,PROTECT,PROTECT,HIGH,"[WS(subProduct+baseColour)] family PROTECT→WS, uiGroup ∅→PROTECT"
RAINPROOF|||RAINPROOF|||BRILLIANT WHITE,RAINPROOF,RAINPROOF,,BRILLIANT WHITE,Dulux WS Rainproof,WS,RAINPROOF,RAINPROOF,HIGH,"[WS(subProduct+baseColour)] family RAINPROOF→WS, uiGroup ∅→RAINPROOF"
RAINPROOF|||RAINPROOF|||90 BASE,RAINPROOF,RAINPROOF,,90 BASE,Dulux WS Rainproof,WS,RAINPROOF,RAINPROOF,HIGH,"[WS(subProduct+baseColour)] family RAINPROOF→WS, uiGroup ∅→RAINPROOF"
RAINPROOF|||RAINPROOF|||92 BASE,RAINPROOF,RAINPROOF,,92 BASE,Dulux WS Rainproof,WS,RAINPROOF,RAINPROOF,HIGH,"[WS(subProduct+baseColour)] family RAINPROOF→WS, uiGroup ∅→RAINPROOF"
RAINPROOF|||RAINPROOF|||93 BASE,RAINPROOF,RAINPROOF,,93 BASE,Dulux WS Rainproof,WS,RAINPROOF,RAINPROOF,HIGH,"[WS(subProduct+baseColour)] family RAINPROOF→WS, uiGroup ∅→RAINPROOF"
RAINPROOF|||RAINPROOF|||94 BASE,RAINPROOF,RAINPROOF,,94 BASE,Dulux WS Rainproof,WS,RAINPROOF,RAINPROOF,HIGH,"[WS(subProduct+baseColour)] family RAINPROOF→WS, uiGroup ∅→RAINPROOF"
RAINPROOF|||RAINPROOF|||95 BASE,RAINPROOF,RAINPROOF,,95 BASE,Dulux WS Rainproof,WS,RAINPROOF,RAINPROOF,HIGH,"[WS(subProduct+baseColour)] family RAINPROOF→WS, uiGroup ∅→RAINPROOF"
RAINPROOF|||RAINPROOF|||96 BASE,RAINPROOF,RAINPROOF,,96 BASE,Dulux WS Rainproof,WS,RAINPROOF,RAINPROOF,HIGH,"[WS(subProduct+baseColour)] family RAINPROOF→WS, uiGroup ∅→RAINPROOF"
RAINPROOF|||RAINPROOF|||97 BASE,RAINPROOF,RAINPROOF,,97 BASE,Dulux WS Rainproof,WS,RAINPROOF,RAINPROOF,HIGH,"[WS(subProduct+baseColour)] family RAINPROOF→WS, uiGroup ∅→RAINPROOF"
HISHEEN|||HISHEEN|||BRILLIANT WHITE,HISHEEN,HISHEEN,,BRILLIANT WHITE,Dulux WS Hi-Sheen,HISHEEN,,HISHEEN,HIGH,[family+subProduct+baseColour] no grouping change
HISHEEN|||HISHEEN|||90 BASE,HISHEEN,HISHEEN,,90 BASE,Dulux WS Hi-Sheen,HISHEEN,,HISHEEN,HIGH,[family+subProduct+baseColour] no grouping change
HISHEEN|||HISHEEN|||92 BASE,HISHEEN,HISHEEN,,92 BASE,Dulux WS Hi-Sheen,HISHEEN,,HISHEEN,HIGH,[family+subProduct+baseColour] no grouping change
HISHEEN|||HISHEEN|||93 BASE,HISHEEN,HISHEEN,,93 BASE,Dulux WS Hi-Sheen,HISHEEN,,HISHEEN,HIGH,[family+subProduct+baseColour] no grouping change
TILE|||TILE|||YELLOW BASE,TILE,TILE,,YELLOW BASE,Dulux WS Tile,TILE,,TILE,HIGH,[family+subProduct+baseColour] no grouping change
TEXTURE|||RUSTIC|||90 BASE,TEXTURE,RUSTIC,,90 BASE,Rustic,TEXTURE,,RUSTIC,HIGH,[family+subProduct+baseColour] no grouping change
TEXTURE|||RUSTIC|||94 BASE,TEXTURE,RUSTIC,,94 BASE,Rustic,TEXTURE,,RUSTIC,HIGH,[family+subProduct+baseColour] no grouping change
TEXTURE|||MATT|||BRILLIANT WHITE,TEXTURE,MATT,,BRILLIANT WHITE,Matt,TEXTURE,,MATT,HIGH,[family+subProduct+baseColour] no grouping change
TEXTURE|||MATT|||92 BASE,TEXTURE,MATT,,92 BASE,Matt,TEXTURE,,MATT,HIGH,[family+subProduct+baseColour] no grouping change
TEXTURE|||MATT|||BLACK,TEXTURE,MATT,,BLACK,Matt,TEXTURE,,MATT,HIGH,[family+subProduct+baseColour] no grouping change
METALLIC|||METALLIC|||GOLD,METALLIC,METALLIC,,GOLD,Dulux WS Metallic,METALLIC,,METALLIC,HIGH,[family+subProduct+baseColour] no grouping change
METALLIC|||METALLIC|||SILVER,METALLIC,METALLIC,,SILVER,Dulux WS Metallic,METALLIC,,METALLIC,HIGH,[family+subProduct+baseColour] no grouping change
SUPERCOVER|||SUPERCOVER|||BRILLIANT WHITE,SUPERCOVER,SUPERCOVER,,BRILLIANT WHITE,SuperCover,SUPERCOVER,,SUPERCOVER,HIGH,[family+subProduct+baseColour] no grouping change
SUPERCOVER|||SUPERCOVER|||90 BASE,SUPERCOVER,SUPERCOVER,,90 BASE,SuperCover,SUPERCOVER,,SUPERCOVER,HIGH,[family+subProduct+baseColour] no grouping change
SUPERCOVER|||SUPERCOVER|||92 BASE,SUPERCOVER,SUPERCOVER,,92 BASE,SuperCover,SUPERCOVER,,SUPERCOVER,HIGH,[family+subProduct+baseColour] no grouping change
SUPERCOVER|||SUPERCOVER|||94 BASE,SUPERCOVER,SUPERCOVER,,94 BASE,SuperCover,SUPERCOVER,,SUPERCOVER,HIGH,[family+subProduct+baseColour] no grouping change
SUPERCOVER|||SUPERCOVER|||95 BASE,SUPERCOVER,SUPERCOVER,,95 BASE,SuperCover,SUPERCOVER,,SUPERCOVER,HIGH,[family+subProduct+baseColour] no grouping change
SUPERCOVER|||SUPERCOVER|||96 BASE,SUPERCOVER,SUPERCOVER,,96 BASE,SuperCover,SUPERCOVER,,SUPERCOVER,HIGH,[family+subProduct+baseColour] no grouping change
SUPERCOVER|||SUPERCOVER|||97 BASE,SUPERCOVER,SUPERCOVER,,97 BASE,SuperCover,SUPERCOVER,,SUPERCOVER,HIGH,[family+subProduct+baseColour] no grouping change
SUPERCOVER|||SUPERCOVER|||YELLOW BASE,SUPERCOVER,SUPERCOVER,,YELLOW BASE,SuperCover,SUPERCOVER,,SUPERCOVER,HIGH,[family+subProduct+baseColour] no grouping change
SUPERCOVER|||SUPERCOVER SHEEN|||BRILLIANT WHITE,SUPERCOVER,SUPERCOVER SHEEN,,BRILLIANT WHITE,SuperCover Sheen,SUPERCOVER,,SUPERCOVER SHEEN,HIGH,[family+subProduct+baseColour] no grouping change
SUPERCOVER|||SUPERCOVER SHEEN|||90 BASE,SUPERCOVER,SUPERCOVER SHEEN,,90 BASE,SuperCover Sheen,SUPERCOVER,,SUPERCOVER SHEEN,HIGH,[family+subProduct+baseColour] no grouping change
SUPERCOVER|||SUPERCOVER SHEEN|||92 BASE,SUPERCOVER,SUPERCOVER SHEEN,,92 BASE,SuperCover Sheen,SUPERCOVER,,SUPERCOVER SHEEN,HIGH,[family+subProduct+baseColour] no grouping change
SUPERCOVER|||SUPERCOVER SHEEN|||94 BASE,SUPERCOVER,SUPERCOVER SHEEN,,94 BASE,SuperCover Sheen,SUPERCOVER,,SUPERCOVER SHEEN,HIGH,[family+subProduct+baseColour] no grouping change
SUPERCLEAN|||SUPERCLEAN|||BRILLIANT WHITE,SUPERCLEAN,SUPERCLEAN,,BRILLIANT WHITE,SuperClean,SUPERCLEAN,,SUPERCLEAN,HIGH,[family+subProduct+baseColour] no grouping change
SUPERCLEAN|||SUPERCLEAN|||90 BASE,SUPERCLEAN,SUPERCLEAN,,90 BASE,SuperClean,SUPERCLEAN,,SUPERCLEAN,HIGH,[family+subProduct+baseColour] no grouping change
SUPERCLEAN|||SUPERCLEAN|||92 BASE,SUPERCLEAN,SUPERCLEAN,,92 BASE,SuperClean,SUPERCLEAN,,SUPERCLEAN,HIGH,[family+subProduct+baseColour] no grouping change
SUPERCLEAN|||SUPERCLEAN|||93 BASE,SUPERCLEAN,SUPERCLEAN,,93 BASE,SuperClean,SUPERCLEAN,,SUPERCLEAN,HIGH,[family+subProduct+baseColour] no grouping change
SUPERCLEAN|||SUPERCLEAN|||94 BASE,SUPERCLEAN,SUPERCLEAN,,94 BASE,SuperClean,SUPERCLEAN,,SUPERCLEAN,HIGH,[family+subProduct+baseColour] no grouping change
SUPERCLEAN|||SUPERCLEAN|||95 BASE,SUPERCLEAN,SUPERCLEAN,,95 BASE,SuperClean,SUPERCLEAN,,SUPERCLEAN,HIGH,[family+subProduct+baseColour] no grouping change
SUPERCLEAN|||SUPERCLEAN|||96 BASE,SUPERCLEAN,SUPERCLEAN,,96 BASE,SuperClean,SUPERCLEAN,,SUPERCLEAN,HIGH,[family+subProduct+baseColour] no grouping change
SUPERCLEAN|||SUPERCLEAN|||97 BASE,SUPERCLEAN,SUPERCLEAN,,97 BASE,SuperClean,SUPERCLEAN,,SUPERCLEAN,HIGH,[family+subProduct+baseColour] no grouping change
SUPERCLEAN|||SUPERCLEAN 3IN1|||BRILLIANT WHITE,SUPERCLEAN,SUPERCLEAN 3IN1,,BRILLIANT WHITE,SuperClean 3in1,SUPERCLEAN,,SUPERCLEAN 3IN1,HIGH,[family+subProduct+baseColour] no grouping change
SUPERCLEAN|||SUPERCLEAN 3IN1|||90 BASE,SUPERCLEAN,SUPERCLEAN 3IN1,,90 BASE,SuperClean 3in1,SUPERCLEAN,,SUPERCLEAN 3IN1,HIGH,[family+subProduct+baseColour] no grouping change
SUPERCLEAN|||SUPERCLEAN 3IN1|||92 BASE,SUPERCLEAN,SUPERCLEAN 3IN1,,92 BASE,SuperClean 3in1,SUPERCLEAN,,SUPERCLEAN 3IN1,HIGH,[family+subProduct+baseColour] no grouping change
SUPERCLEAN|||SUPERCLEAN 3IN1|||93 BASE,SUPERCLEAN,SUPERCLEAN 3IN1,,93 BASE,SuperClean 3in1,SUPERCLEAN,,SUPERCLEAN 3IN1,HIGH,[family+subProduct+baseColour] no grouping change
SUPERCLEAN|||SUPERCLEAN 3IN1|||94 BASE,SUPERCLEAN,SUPERCLEAN 3IN1,,94 BASE,SuperClean 3in1,SUPERCLEAN,,SUPERCLEAN 3IN1,HIGH,[family+subProduct+baseColour] no grouping change
SUPERCLEAN|||SUPERCLEAN 3IN1|||95 BASE,SUPERCLEAN,SUPERCLEAN 3IN1,,95 BASE,SuperClean 3in1,SUPERCLEAN,,SUPERCLEAN 3IN1,HIGH,[family+subProduct+baseColour] no grouping change
SUPERCLEAN|||SUPERCLEAN 3IN1|||96 BASE,SUPERCLEAN,SUPERCLEAN 3IN1,,96 BASE,SuperClean 3in1,SUPERCLEAN,,SUPERCLEAN 3IN1,HIGH,[family+subProduct+baseColour] no grouping change
SUPERCLEAN|||SUPERCLEAN 3IN1|||97 BASE,SUPERCLEAN,SUPERCLEAN 3IN1,,97 BASE,SuperClean 3in1,SUPERCLEAN,,SUPERCLEAN 3IN1,HIGH,[family+subProduct+baseColour] no grouping change
SUPERCLEAN|||SUPERCLEAN 3IN1|||PASTEL BASE,SUPERCLEAN,SUPERCLEAN 3IN1,,PASTEL BASE,SuperClean 3in1,SUPERCLEAN,,SUPERCLEAN 3IN1,HIGH,[family+subProduct+baseColour] no grouping change
SUPERCLEAN|||SUPERCLEAN 3IN1|||PRO BASE,SUPERCLEAN,SUPERCLEAN 3IN1,,PRO BASE,SuperClean 3in1,SUPERCLEAN,,SUPERCLEAN 3IN1,HIGH,[family+subProduct+baseColour] no grouping change
VT GLO|||PEARL GLO|||BRILLIANT WHITE,VT GLO,PEARL GLO,,BRILLIANT WHITE,VT Pearl Glo,VT GLO,,PEARL GLO,HIGH,[family+subProduct+baseColour] no grouping change
VT GLO|||PEARL GLO|||90 BASE,VT GLO,PEARL GLO,,90 BASE,VT Pearl Glo,VT GLO,,PEARL GLO,HIGH,[family+subProduct+baseColour] no grouping change
VT GLO|||PEARL GLO|||92 BASE,VT GLO,PEARL GLO,,92 BASE,VT Pearl Glo,VT GLO,,PEARL GLO,HIGH,[family+subProduct+baseColour] no grouping change
VT SPECIALTY|||VAF|||,VT SPECIALTY,VAF,,,Vaf,VT SPECIALTY,,VAF,HIGH,[family+subProduct+baseColour] no grouping change
VT SPECIALTY|||VT CONCRETE FINISH|||,VT SPECIALTY,VT CONCRETE FINISH,,,VT Concrete Finish,VT SPECIALTY,,VT CONCRETE FINISH,HIGH,[family+subProduct+baseColour] no grouping change
VT SPECIALTY|||LUXURY FINISHES|||MARMORINO,VT SPECIALTY,LUXURY FINISHES,,MARMORINO,Luxury Finishes,VT SPECIALTY,,LUXURY FINISHES,HIGH,[family+subProduct+baseColour] no grouping change
VT SPECIALTY|||AMBIANCE|||92 BASE,VT SPECIALTY,AMBIANCE,,92 BASE,Ambiance,VT SPECIALTY,,AMBIANCE,HIGH,[family+subProduct+baseColour] no grouping change
VT SPECIALTY|||AMBIANCE|||94 BASE,VT SPECIALTY,AMBIANCE,,94 BASE,Ambiance,VT SPECIALTY,,AMBIANCE,HIGH,[family+subProduct+baseColour] no grouping change
VT SPECIALTY|||LUXURY FINISHES|||CLAY,VT SPECIALTY,LUXURY FINISHES,,CLAY,Luxury Finishes,VT SPECIALTY,,LUXURY FINISHES,HIGH,[family+subProduct+baseColour] no grouping change
VT SPECIALTY|||VT CLEAR COAT|||,VT SPECIALTY,VT CLEAR COAT,,,VT Clear Coat,VT SPECIALTY,,VT CLEAR COAT,HIGH,[family+subProduct+baseColour] no grouping change
VT SPECIALTY|||VT MARBLE|||,VT SPECIALTY,VT MARBLE,,,VT Marble,VT SPECIALTY,,VT MARBLE,HIGH,[family+subProduct+baseColour] no grouping change
VT SPECIALTY|||VT FIN|||GOLD,VT SPECIALTY,VT FIN,,GOLD,VT Fin,VT SPECIALTY,,VT FIN,HIGH,[family+subProduct+baseColour] no grouping change
VT SPECIALTY|||VT FIN|||SILVER,VT SPECIALTY,VT FIN,,SILVER,VT Fin,VT SPECIALTY,,VT FIN,HIGH,[family+subProduct+baseColour] no grouping change
VT SPECIALTY|||LUXURY FINISHES|||LIME WASH,VT SPECIALTY,LUXURY FINISHES,,LIME WASH,Luxury Finishes,VT SPECIALTY,,LUXURY FINISHES,HIGH,[family+subProduct+baseColour] no grouping change
VT SPECIALTY|||VT METALLICS|||GOLD,VT SPECIALTY,VT METALLICS,,GOLD,VT Metallics,VT SPECIALTY,,VT METALLICS,HIGH,[family+subProduct+baseColour] no grouping change
VT SPECIALTY|||VT METALLICS|||SILVER,VT SPECIALTY,VT METALLICS,,SILVER,VT Metallics,VT SPECIALTY,,VT METALLICS,HIGH,[family+subProduct+baseColour] no grouping change
VT SPECIALTY|||VELVETINO|||GOLD,VT SPECIALTY,VELVETINO,,GOLD,Velvetino,VT SPECIALTY,,VELVETINO,HIGH,[family+subProduct+baseColour] no grouping change
VT SPECIALTY|||VELVETINO|||SILVER,VT SPECIALTY,VELVETINO,,SILVER,Velvetino,VT SPECIALTY,,VELVETINO,HIGH,[family+subProduct+baseColour] no grouping change
PROMISE ENAMEL|||PROMISE ENAMEL|||BRILLIANT WHITE,PROMISE ENAMEL,PROMISE ENAMEL,,BRILLIANT WHITE,Promise Enamel,PROMISE ENAMEL,,PROMISE ENAMEL,HIGH,[family+subProduct+baseColour] no grouping change
PROMISE ENAMEL|||PROMISE ENAMEL|||CLASSIC WHITE,PROMISE ENAMEL,PROMISE ENAMEL,,CLASSIC WHITE,Promise Enamel,PROMISE ENAMEL,,PROMISE ENAMEL,HIGH,[family+subProduct+baseColour] no grouping change
PROMISE ENAMEL|||PROMISE ENAMEL|||GOLDEN BROWN,PROMISE ENAMEL,PROMISE ENAMEL,,GOLDEN BROWN,Promise Enamel,PROMISE ENAMEL,,PROMISE ENAMEL,HIGH,[family+subProduct+baseColour] no grouping change
PROMISE ENAMEL|||PROMISE ENAMEL|||PO RED,PROMISE ENAMEL,PROMISE ENAMEL,,PO RED,Promise Enamel,PROMISE ENAMEL,,PROMISE ENAMEL,HIGH,[family+subProduct+baseColour] no grouping change
PROMISE ENAMEL|||PROMISE ENAMEL|||SMOKE GREY,PROMISE ENAMEL,PROMISE ENAMEL,,SMOKE GREY,Promise Enamel,PROMISE ENAMEL,,PROMISE ENAMEL,HIGH,[family+subProduct+baseColour] no grouping change
PROMISE ENAMEL|||PROMISE ENAMEL|||DARK BROWN,PROMISE ENAMEL,PROMISE ENAMEL,,DARK BROWN,Promise Enamel,PROMISE ENAMEL,,PROMISE ENAMEL,HIGH,[family+subProduct+baseColour] no grouping change
PROMISE ENAMEL|||PROMISE ENAMEL|||PHIROZA BLUE,PROMISE ENAMEL,PROMISE ENAMEL,,PHIROZA BLUE,Promise Enamel,PROMISE ENAMEL,,PROMISE ENAMEL,HIGH,[family+subProduct+baseColour] no grouping change
PROMISE ENAMEL|||PROMISE ENAMEL|||GOLDEN YELLOW,PROMISE ENAMEL,PROMISE ENAMEL,,GOLDEN YELLOW,Promise Enamel,PROMISE ENAMEL,,PROMISE ENAMEL,HIGH,[family+subProduct+baseColour] no grouping change
PROMISE ENAMEL|||PROMISE ENAMEL|||BUS GREEN,PROMISE ENAMEL,PROMISE ENAMEL,,BUS GREEN,Promise Enamel,PROMISE ENAMEL,,PROMISE ENAMEL,HIGH,[family+subProduct+baseColour] no grouping change
PROMISE ENAMEL|||PROMISE ENAMEL|||BLACK,PROMISE ENAMEL,PROMISE ENAMEL,,BLACK,Promise Enamel,PROMISE ENAMEL,,PROMISE ENAMEL,HIGH,[family+subProduct+baseColour] no grouping change
PROMISE INTERIOR|||PROMISE INTERIOR|||BRILLIANT WHITE,PROMISE INTERIOR,PROMISE INTERIOR,,BRILLIANT WHITE,Promise Interior,PROMISE INTERIOR,,PROMISE INTERIOR,HIGH,[family+subProduct+baseColour] no grouping change
PROMISE INTERIOR|||PROMISE INTERIOR|||90 BASE,PROMISE INTERIOR,PROMISE INTERIOR,,90 BASE,Promise Interior,PROMISE INTERIOR,,PROMISE INTERIOR,HIGH,[family+subProduct+baseColour] no grouping change
PROMISE INTERIOR|||PROMISE INTERIOR|||92 BASE,PROMISE INTERIOR,PROMISE INTERIOR,,92 BASE,Promise Interior,PROMISE INTERIOR,,PROMISE INTERIOR,HIGH,[family+subProduct+baseColour] no grouping change
PROMISE INTERIOR|||PROMISE INTERIOR|||93 BASE,PROMISE INTERIOR,PROMISE INTERIOR,,93 BASE,Promise Interior,PROMISE INTERIOR,,PROMISE INTERIOR,HIGH,[family+subProduct+baseColour] no grouping change
PROMISE INTERIOR|||PROMISE INTERIOR|||94 BASE,PROMISE INTERIOR,PROMISE INTERIOR,,94 BASE,Promise Interior,PROMISE INTERIOR,,PROMISE INTERIOR,HIGH,[family+subProduct+baseColour] no grouping change
PROMISE INTERIOR|||PROMISE INTERIOR|||96 BASE,PROMISE INTERIOR,PROMISE INTERIOR,,96 BASE,Promise Interior,PROMISE INTERIOR,,PROMISE INTERIOR,HIGH,[family+subProduct+baseColour] no grouping change
PROMISE INTERIOR|||PROMISE INTERIOR|||97 BASE,PROMISE INTERIOR,PROMISE INTERIOR,,97 BASE,Promise Interior,PROMISE INTERIOR,,PROMISE INTERIOR,HIGH,[family+subProduct+baseColour] no grouping change
PROMISE INTERIOR|||PROMISE SHEEN INTERIOR|||BRILLIANT WHITE,PROMISE INTERIOR,PROMISE SHEEN INTERIOR,,BRILLIANT WHITE,Promise Sheen Interior,PROMISE INTERIOR,,PROMISE SHEEN INTERIOR,HIGH,[family+subProduct+baseColour] no grouping change
PROMISE INTERIOR|||PROMISE SHEEN INTERIOR|||90 BASE,PROMISE INTERIOR,PROMISE SHEEN INTERIOR,,90 BASE,Promise Sheen Interior,PROMISE INTERIOR,,PROMISE SHEEN INTERIOR,HIGH,[family+subProduct+baseColour] no grouping change
PROMISE INTERIOR|||PROMISE SHEEN INTERIOR|||92 BASE,PROMISE INTERIOR,PROMISE SHEEN INTERIOR,,92 BASE,Promise Sheen Interior,PROMISE INTERIOR,,PROMISE SHEEN INTERIOR,HIGH,[family+subProduct+baseColour] no grouping change
PROMISE INTERIOR|||PROMISE SHEEN INTERIOR|||93 BASE,PROMISE INTERIOR,PROMISE SHEEN INTERIOR,,93 BASE,Promise Sheen Interior,PROMISE INTERIOR,,PROMISE SHEEN INTERIOR,HIGH,[family+subProduct+baseColour] no grouping change
VT GLO|||PEARL GLO|||93 BASE,VT GLO,PEARL GLO,,93 BASE,VT Pearl Glo,VT GLO,,PEARL GLO,HIGH,[family+subProduct+baseColour] no grouping change
VT GLO|||PEARL GLO|||94 BASE,VT GLO,PEARL GLO,,94 BASE,VT Pearl Glo,VT GLO,,PEARL GLO,HIGH,[family+subProduct+baseColour] no grouping change
VT GLO|||PEARL GLO|||95 BASE,VT GLO,PEARL GLO,,95 BASE,VT Pearl Glo,VT GLO,,PEARL GLO,HIGH,[family+subProduct+baseColour] no grouping change
VT GLO|||PEARL GLO|||96 BASE,VT GLO,PEARL GLO,,96 BASE,VT Pearl Glo,VT GLO,,PEARL GLO,HIGH,[family+subProduct+baseColour] no grouping change
VT GLO|||PEARL GLO|||97 BASE,VT GLO,PEARL GLO,,97 BASE,VT Pearl Glo,VT GLO,,PEARL GLO,HIGH,[family+subProduct+baseColour] no grouping change
VT GLO|||PEARL GLO|||PASTEL BASE,VT GLO,PEARL GLO,,PASTEL BASE,VT Pearl Glo,VT GLO,,PEARL GLO,HIGH,[family+subProduct+baseColour] no grouping change
VT GLO|||PLATINUM GLO|||BRILLIANT WHITE,VT GLO,PLATINUM GLO,,BRILLIANT WHITE,VT Platinum Glo,VT GLO,,PLATINUM GLO,HIGH,[family+subProduct+baseColour] no grouping change
VT GLO|||PLATINUM GLO|||90 BASE,VT GLO,PLATINUM GLO,,90 BASE,VT Platinum Glo,VT GLO,,PLATINUM GLO,HIGH,[family+subProduct+baseColour] no grouping change
VT GLO|||PLATINUM GLO|||92 BASE,VT GLO,PLATINUM GLO,,92 BASE,VT Platinum Glo,VT GLO,,PLATINUM GLO,HIGH,[family+subProduct+baseColour] no grouping change
VT GLO|||PLATINUM GLO|||93 BASE,VT GLO,PLATINUM GLO,,93 BASE,VT Platinum Glo,VT GLO,,PLATINUM GLO,HIGH,[family+subProduct+baseColour] no grouping change
VT GLO|||PLATINUM GLO|||94 BASE,VT GLO,PLATINUM GLO,,94 BASE,VT Platinum Glo,VT GLO,,PLATINUM GLO,HIGH,[family+subProduct+baseColour] no grouping change
VT GLO|||PLATINUM GLO|||95 BASE,VT GLO,PLATINUM GLO,,95 BASE,VT Platinum Glo,VT GLO,,PLATINUM GLO,HIGH,[family+subProduct+baseColour] no grouping change
VT GLO|||PLATINUM GLO|||96 BASE,VT GLO,PLATINUM GLO,,96 BASE,VT Platinum Glo,VT GLO,,PLATINUM GLO,HIGH,[family+subProduct+baseColour] no grouping change
VT GLO|||PLATINUM GLO|||97 BASE,VT GLO,PLATINUM GLO,,97 BASE,VT Platinum Glo,VT GLO,,PLATINUM GLO,HIGH,[family+subProduct+baseColour] no grouping change
VT GLO|||DIAMOND GLO|||BRILLIANT WHITE,VT GLO,DIAMOND GLO,,BRILLIANT WHITE,VT Diamond Glo,VT GLO,,DIAMOND GLO,HIGH,[family+subProduct+baseColour] no grouping change
VT GLO|||DIAMOND GLO|||90 BASE,VT GLO,DIAMOND GLO,,90 BASE,VT Diamond Glo,VT GLO,,DIAMOND GLO,HIGH,[family+subProduct+baseColour] no grouping change
VT GLO|||DIAMOND GLO|||92 BASE,VT GLO,DIAMOND GLO,,92 BASE,VT Diamond Glo,VT GLO,,DIAMOND GLO,HIGH,[family+subProduct+baseColour] no grouping change
VT GLO|||DIAMOND GLO|||93 BASE,VT GLO,DIAMOND GLO,,93 BASE,VT Diamond Glo,VT GLO,,DIAMOND GLO,HIGH,[family+subProduct+baseColour] no grouping change
VT GLO|||DIAMOND GLO|||94 BASE,VT GLO,DIAMOND GLO,,94 BASE,VT Diamond Glo,VT GLO,,DIAMOND GLO,HIGH,[family+subProduct+baseColour] no grouping change
VT GLO|||DIAMOND GLO|||95 BASE,VT GLO,DIAMOND GLO,,95 BASE,VT Diamond Glo,VT GLO,,DIAMOND GLO,HIGH,[family+subProduct+baseColour] no grouping change
VT GLO|||DIAMOND GLO|||96 BASE,VT GLO,DIAMOND GLO,,96 BASE,VT Diamond Glo,VT GLO,,DIAMOND GLO,HIGH,[family+subProduct+baseColour] no grouping change
VT GLO|||DIAMOND GLO|||97 BASE,VT GLO,DIAMOND GLO,,97 BASE,VT Diamond Glo,VT GLO,,DIAMOND GLO,HIGH,[family+subProduct+baseColour] no grouping change
VT GLO|||PEARL GLO|||RARE PEARL COPPER,VT GLO,PEARL GLO,,RARE PEARL COPPER,VT Pearl Glo,VT GLO,,PEARL GLO,HIGH,[family+subProduct+baseColour] no grouping change
VT GLO|||PEARL GLO|||RARE PEARL GREEN,VT GLO,PEARL GLO,,RARE PEARL GREEN,VT Pearl Glo,VT GLO,,PEARL GLO,HIGH,[family+subProduct+baseColour] no grouping change
VT ETERNA|||ETERNA|||90 BASE,VT ETERNA,ETERNA,,90 BASE,VT Eterna,VT ETERNA,,ETERNA,HIGH,[family+subProduct+baseColour] no grouping change
VT ETERNA|||ETERNA|||92 BASE,VT ETERNA,ETERNA,,92 BASE,VT Eterna,VT ETERNA,,ETERNA,HIGH,[family+subProduct+baseColour] no grouping change
VT ETERNA|||ETERNA|||93 BASE,VT ETERNA,ETERNA,,93 BASE,VT Eterna,VT ETERNA,,ETERNA,HIGH,[family+subProduct+baseColour] no grouping change
VT ETERNA|||ETERNA|||94 BASE,VT ETERNA,ETERNA,,94 BASE,VT Eterna,VT ETERNA,,ETERNA,HIGH,[family+subProduct+baseColour] no grouping change
VT ETERNA|||ETERNA MATT|||BRILLIANT WHITE,VT ETERNA,ETERNA MATT,,BRILLIANT WHITE,VT Eterna Matt,VT ETERNA,,ETERNA MATT,HIGH,[family+subProduct+baseColour] no grouping change
VT ETERNA|||ETERNA MATT|||92 BASE,VT ETERNA,ETERNA MATT,,92 BASE,VT Eterna Matt,VT ETERNA,,ETERNA MATT,HIGH,[family+subProduct+baseColour] no grouping change
VT ETERNA|||ETERNA MATT|||94 BASE,VT ETERNA,ETERNA MATT,,94 BASE,VT Eterna Matt,VT ETERNA,,ETERNA MATT,HIGH,[family+subProduct+baseColour] no grouping change
VT ETERNA|||ETERNA HI-SHEEN|||BRILLIANT WHITE,VT ETERNA,ETERNA HI-SHEEN,,BRILLIANT WHITE,VT Eterna Hi-Sheen,VT ETERNA,,ETERNA HI-SHEEN,HIGH,[family+subProduct+baseColour] no grouping change
VT ETERNA|||ETERNA HI-SHEEN|||90 BASE,VT ETERNA,ETERNA HI-SHEEN,,90 BASE,VT Eterna Hi-Sheen,VT ETERNA,,ETERNA HI-SHEEN,HIGH,[family+subProduct+baseColour] no grouping change
VT ETERNA|||ETERNA HI-SHEEN|||92 BASE,VT ETERNA,ETERNA HI-SHEEN,,92 BASE,VT Eterna Hi-Sheen,VT ETERNA,,ETERNA HI-SHEEN,HIGH,[family+subProduct+baseColour] no grouping change
VT ETERNA|||ETERNA HI-SHEEN|||93 BASE,VT ETERNA,ETERNA HI-SHEEN,,93 BASE,VT Eterna Hi-Sheen,VT ETERNA,,ETERNA HI-SHEEN,HIGH,[family+subProduct+baseColour] no grouping change
PROMISE INTERIOR|||PROMISE SHEEN INTERIOR|||94 BASE,PROMISE INTERIOR,PROMISE SHEEN INTERIOR,,94 BASE,Promise Sheen Interior,PROMISE INTERIOR,,PROMISE SHEEN INTERIOR,HIGH,[family+subProduct+baseColour] no grouping change
PROMISE INTERIOR|||PROMISE SHEEN INTERIOR|||METAL BASE,PROMISE INTERIOR,PROMISE SHEEN INTERIOR,,METAL BASE,Promise Sheen Interior,PROMISE INTERIOR,,PROMISE SHEEN INTERIOR,HIGH,[family+subProduct+baseColour] no grouping change
PROMISE INTERIOR|||PROMISE SMARTCHOICE INT|||BRILLIANT WHITE,PROMISE INTERIOR,PROMISE SMARTCHOICE INT,,BRILLIANT WHITE,Promise Smartchoice Int,PROMISE INTERIOR,,PROMISE SMARTCHOICE INT,HIGH,[family+subProduct+baseColour] no grouping change
PROMISE INTERIOR|||PROMISE SMARTCHOICE INT PRIMER|||,PROMISE INTERIOR,PROMISE SMARTCHOICE INT PRIMER,,,Promise Smartchoice Int Primer,PROMISE INTERIOR,,PROMISE SMARTCHOICE INT PRIMER,HIGH,[family+subProduct+baseColour] no grouping change
PROMISE INTERIOR|||PROMISE SMARTCHOICE ACRYLIC DISTEMPER|||,PROMISE INTERIOR,PROMISE SMARTCHOICE ACRYLIC DISTEMPER,,,Promise Smartchoice Acrylic Distemper,PROMISE INTERIOR,,PROMISE SMARTCHOICE ACRYLIC DISTEMPER,HIGH,[family+subProduct+baseColour] no grouping change
PROMISE INTERIOR|||PROMISE FREEDOM 2IN1 PRIMER|||,PROMISE INTERIOR,PROMISE FREEDOM 2IN1 PRIMER,,,Promise Freedom 2in1 Primer,PROMISE INTERIOR,,PROMISE FREEDOM 2IN1 PRIMER,HIGH,[family+subProduct+baseColour] no grouping change
PROMISE EXTERIOR|||PROMISE EXTERIOR|||BRILLIANT WHITE,PROMISE EXTERIOR,PROMISE EXTERIOR,,BRILLIANT WHITE,Promise Exterior,PROMISE EXTERIOR,,PROMISE EXTERIOR,HIGH,[family+subProduct+baseColour] no grouping change
PROMISE EXTERIOR|||PROMISE EXTERIOR|||90 BASE,PROMISE EXTERIOR,PROMISE EXTERIOR,,90 BASE,Promise Exterior,PROMISE EXTERIOR,,PROMISE EXTERIOR,HIGH,[family+subProduct+baseColour] no grouping change
PROMISE EXTERIOR|||PROMISE EXTERIOR|||92 BASE,PROMISE EXTERIOR,PROMISE EXTERIOR,,92 BASE,Promise Exterior,PROMISE EXTERIOR,,PROMISE EXTERIOR,HIGH,[family+subProduct+baseColour] no grouping change
PROMISE EXTERIOR|||PROMISE EXTERIOR|||93 BASE,PROMISE EXTERIOR,PROMISE EXTERIOR,,93 BASE,Promise Exterior,PROMISE EXTERIOR,,PROMISE EXTERIOR,HIGH,[family+subProduct+baseColour] no grouping change
PROMISE EXTERIOR|||PROMISE EXTERIOR|||94 BASE,PROMISE EXTERIOR,PROMISE EXTERIOR,,94 BASE,Promise Exterior,PROMISE EXTERIOR,,PROMISE EXTERIOR,HIGH,[family+subProduct+baseColour] no grouping change
PROMISE EXTERIOR|||PROMISE EXTERIOR|||95 BASE,PROMISE EXTERIOR,PROMISE EXTERIOR,,95 BASE,Promise Exterior,PROMISE EXTERIOR,,PROMISE EXTERIOR,HIGH,[family+subProduct+baseColour] no grouping change
PROMISE EXTERIOR|||PROMISE EXTERIOR|||96 BASE,PROMISE EXTERIOR,PROMISE EXTERIOR,,96 BASE,Promise Exterior,PROMISE EXTERIOR,,PROMISE EXTERIOR,HIGH,[family+subProduct+baseColour] no grouping change
PROMISE EXTERIOR|||PROMISE EXTERIOR|||98 BASE,PROMISE EXTERIOR,PROMISE EXTERIOR,,98 BASE,Promise Exterior,PROMISE EXTERIOR,,PROMISE EXTERIOR,HIGH,[family+subProduct+baseColour] no grouping change
PROMISE EXTERIOR|||PROMISE SHEEN EXTERIOR|||BRILLIANT WHITE,PROMISE EXTERIOR,PROMISE SHEEN EXTERIOR,,BRILLIANT WHITE,Promise Sheen Exterior,PROMISE EXTERIOR,,PROMISE SHEEN EXTERIOR,HIGH,[family+subProduct+baseColour] no grouping change
PROMISE EXTERIOR|||PROMISE SHEEN EXTERIOR|||90 BASE,PROMISE EXTERIOR,PROMISE SHEEN EXTERIOR,,90 BASE,Promise Sheen Exterior,PROMISE EXTERIOR,,PROMISE SHEEN EXTERIOR,HIGH,[family+subProduct+baseColour] no grouping change
PROMISE EXTERIOR|||PROMISE SHEEN EXTERIOR|||92 BASE,PROMISE EXTERIOR,PROMISE SHEEN EXTERIOR,,92 BASE,Promise Sheen Exterior,PROMISE EXTERIOR,,PROMISE SHEEN EXTERIOR,HIGH,[family+subProduct+baseColour] no grouping change
PROMISE EXTERIOR|||PROMISE SHEEN EXTERIOR|||93 BASE,PROMISE EXTERIOR,PROMISE SHEEN EXTERIOR,,93 BASE,Promise Sheen Exterior,PROMISE EXTERIOR,,PROMISE SHEEN EXTERIOR,HIGH,[family+subProduct+baseColour] no grouping change
PROMISE EXTERIOR|||PROMISE SHEEN EXTERIOR|||94 BASE,PROMISE EXTERIOR,PROMISE SHEEN EXTERIOR,,94 BASE,Promise Sheen Exterior,PROMISE EXTERIOR,,PROMISE SHEEN EXTERIOR,HIGH,[family+subProduct+baseColour] no grouping change
PROMISE EXTERIOR|||PROMISE SMARTCHOICE EXT|||BRILLIANT WHITE,PROMISE EXTERIOR,PROMISE SMARTCHOICE EXT,,BRILLIANT WHITE,Promise Smartchoice Ext,PROMISE EXTERIOR,,PROMISE SMARTCHOICE EXT,HIGH,[family+subProduct+baseColour] no grouping change
PROMISE EXTERIOR|||PROMISE SMARTCHOICE EXT PRIMER|||,PROMISE EXTERIOR,PROMISE SMARTCHOICE EXT PRIMER,,,Promise Smartchoice Ext Primer,PROMISE EXTERIOR,,PROMISE SMARTCHOICE EXT PRIMER,HIGH,[family+subProduct+baseColour] no grouping change
FLOOR PLUS|||FLOOR PLUS|||BRILLIANT WHITE,FLOOR PLUS,FLOOR PLUS,,BRILLIANT WHITE,Floor Plus,FLOOR PLUS,,FLOOR PLUS,HIGH,[family+subProduct+baseColour] no grouping change
FLOOR PLUS|||FLOOR PLUS|||93 BASE,FLOOR PLUS,FLOOR PLUS,,93 BASE,Floor Plus,FLOOR PLUS,,FLOOR PLUS,HIGH,[family+subProduct+baseColour] no grouping change
FLOOR PLUS|||FLOOR PLUS|||GUN GREY,FLOOR PLUS,FLOOR PLUS,,GUN GREY,Floor Plus,FLOOR PLUS,,FLOOR PLUS,HIGH,[family+subProduct+baseColour] no grouping change
FLOOR PLUS|||FLOOR PLUS|||PEACOCK BLUE,FLOOR PLUS,FLOOR PLUS,,PEACOCK BLUE,Floor Plus,FLOOR PLUS,,FLOOR PLUS,HIGH,[family+subProduct+baseColour] no grouping change
FLOOR PLUS|||FLOOR PLUS|||FOREST GREEN,FLOOR PLUS,FLOOR PLUS,,FOREST GREEN,Floor Plus,FLOOR PLUS,,FLOOR PLUS,HIGH,[family+subProduct+baseColour] no grouping change
FLOOR PLUS|||FLOOR PLUS|||PO RED,FLOOR PLUS,FLOOR PLUS,,PO RED,Floor Plus,FLOOR PLUS,,FLOOR PLUS,HIGH,[family+subProduct+baseColour] no grouping change
FLOOR PLUS|||FLOOR PLUS|||WHITE,FLOOR PLUS,FLOOR PLUS,,WHITE,Floor Plus,FLOOR PLUS,,FLOOR PLUS,HIGH,[family+subProduct+baseColour] no grouping change
FLOOR PLUS|||FLOOR PLUS|||PAVER GREY,FLOOR PLUS,FLOOR PLUS,,PAVER GREY,Floor Plus,FLOOR PLUS,,FLOOR PLUS,HIGH,[family+subProduct+baseColour] no grouping change
FLOOR PLUS|||FLOOR PLUS|||SIGNAL RED,FLOOR PLUS,FLOOR PLUS,,SIGNAL RED,Floor Plus,FLOOR PLUS,,FLOOR PLUS,HIGH,[family+subProduct+baseColour] no grouping change
FLOOR PLUS|||FLOOR PLUS|||GOLDEN YELLOW,FLOOR PLUS,FLOOR PLUS,,GOLDEN YELLOW,Floor Plus,FLOOR PLUS,,FLOOR PLUS,HIGH,[family+subProduct+baseColour] no grouping change
FLOOR PLUS|||FLOOR PLUS|||SIGNAL RED PLUS,FLOOR PLUS,FLOOR PLUS,,SIGNAL RED PLUS,Floor Plus,FLOOR PLUS,,FLOOR PLUS,HIGH,[family+subProduct+baseColour] no grouping change
FLOOR PLUS|||FLOOR PLUS|||TERACOTTA,FLOOR PLUS,FLOOR PLUS,,TERACOTTA,Floor Plus,FLOOR PLUS,,FLOOR PLUS,HIGH,[family+subProduct+baseColour] no grouping change
FLOOR PLUS|||FLOOR PLUS|||BLACK,FLOOR PLUS,FLOOR PLUS,,BLACK,Floor Plus,FLOOR PLUS,,FLOOR PLUS,HIGH,[family+subProduct+baseColour] no grouping change
PRIMER|||WOOD PRIMER|||BRILLIANT WHITE,PRIMER,WOOD PRIMER,,BRILLIANT WHITE,Wood Primer,PRIMER,WOOD,WOOD,HIGH,[doc/backup] PRIMER WOOD PRIMER → uiGroup WOOD
PRIMER|||RED OXIDE METAL PRIMER|||,PRIMER,RED OXIDE METAL PRIMER,,,Red Oxide Metal Primer,PRIMER,METAL,METAL,HIGH,[doc/backup] PRIMER RED OXIDE METAL PRIMER → uiGroup METAL
PRIMER|||ZINC YELLOW METAL PRIMER|||,PRIMER,ZINC YELLOW METAL PRIMER,,,Zinc Yellow Metal Primer,PRIMER,METAL,METAL,HIGH,[doc/backup] PRIMER ZINC YELLOW METAL PRIMER → uiGroup METAL
PRIMER|||WOOD PRIMER|||PINK,PRIMER,WOOD PRIMER,,PINK,Wood Primer,PRIMER,WOOD,WOOD,HIGH,[doc/backup] PRIMER WOOD PRIMER → uiGroup WOOD
PRIMER|||CEMENT PRIMER WB|||,PRIMER,CEMENT PRIMER WB,,,Cement Primer WB,PRIMER,CEMENT,CEMENT,HIGH,[doc/backup] PRIMER CEMENT PRIMER WB → uiGroup CEMENT
PRIMER|||CEMENT PRIMER SB|||,PRIMER,CEMENT PRIMER SB,,,Cement Primer SB,PRIMER,CEMENT,CEMENT,HIGH,[doc/backup] PRIMER CEMENT PRIMER SB → uiGroup CEMENT
PRIMER|||INTERIOR ACRYLIC PRIMER|||,PRIMER,INTERIOR ACRYLIC PRIMER,,,Interior Acrylic Primer,PRIMER,ACRYLIC,ACRYLIC,HIGH,[doc/backup] PRIMER INTERIOR ACRYLIC PRIMER → uiGroup ACRYLIC
PRIMER|||EXTERIOR ACRYLIC PRIMER|||,PRIMER,EXTERIOR ACRYLIC PRIMER,,,Exterior Acrylic Primer,PRIMER,ACRYLIC,ACRYLIC,HIGH,[doc/backup] PRIMER EXTERIOR ACRYLIC PRIMER → uiGroup ACRYLIC
PRIMER|||ALKALI BLOC PRIMER|||,PRIMER,ALKALI BLOC PRIMER,,,Alkali Bloc Primer,PRIMER,ALKALI BLOC,ALKALI BLOC,HIGH,[doc/backup] PRIMER ALKALI BLOC PRIMER → uiGroup ALKALI BLOC
PRIMER|||QUICK DRYING PRIMER|||,PRIMER,QUICK DRYING PRIMER,,,Quick Drying Primer,PRIMER,METAL,METAL,HIGH,[doc/backup] PRIMER QUICK DRYING PRIMER → uiGroup METAL
PRIMER|||EPOXY PRIMER|||,PRIMER,EPOXY PRIMER,,,Epoxy Primer (Sadolin),PRIMER,METAL,METAL,HIGH,[doc/backup] PRIMER EPOXY PRIMER → uiGroup METAL
PRIMER|||2IN1 INTERIOR-EXTERIOR PRIMER|||,PRIMER,2IN1 INTERIOR-EXTERIOR PRIMER,,,2in1 Interior-exterior Primer,PRIMER,PROMISE,PROMISE,REVIEW,[inferred] 2IN1 INT-EXT PRIMER → PROMISE (backup PROMISE 2IN1 PRIMER)
DISTEMPER|||MAGIK|||BRILLIANT WHITE,DISTEMPER,MAGIK,,BRILLIANT WHITE,Magik (Distemper),DISTEMPER,,MAGIK,HIGH,[family+subProduct+baseColour] no grouping change
DISTEMPER|||MAGIK|||90 BASE,DISTEMPER,MAGIK,,90 BASE,Magik (Distemper),DISTEMPER,,MAGIK,HIGH,[family+subProduct+baseColour] no grouping change
DISTEMPER|||ACRYLIC DISTEMPER|||INTERIOR DISTEMPER,DISTEMPER,ACRYLIC DISTEMPER,,INTERIOR DISTEMPER,Acrylic Distemper,DISTEMPER,,ACRYLIC DISTEMPER,HIGH,[family+subProduct+baseColour] no grouping change
PRIMER|||PROMISE PRIMER|||,PRIMER,PROMISE PRIMER,,,Promise Primer,PRIMER,PROMISE,PROMISE,HIGH,[doc/backup] PRIMER PROMISE PRIMER → uiGroup PROMISE
DISTEMPER|||ACRYLIC DISTEMPER|||DUWEL ACRYLIC DISTEMPER,DISTEMPER,ACRYLIC DISTEMPER,,DUWEL ACRYLIC DISTEMPER,Acrylic Distemper,DISTEMPER,,ACRYLIC DISTEMPER,HIGH,[family+subProduct+baseColour] no grouping change
PUTTY|||WATERPROOF PUTTY|||,PUTTY,WATERPROOF PUTTY,,,Waterproof Putty (Aquatech),PUTTY,,WATERPROOF PUTTY,HIGH,[family+subProduct+baseColour] no grouping change
PUTTY|||POLYPUTTY|||DUWEL POLYPUTTY,PUTTY,POLYPUTTY,,DUWEL POLYPUTTY,PolyPutty,PUTTY,,POLYPUTTY,HIGH,[family+subProduct+baseColour] no grouping change
PUTTY|||ACRYLIC PUTTY|||ACRYLIC PUTTY,PUTTY,ACRYLIC PUTTY,,ACRYLIC PUTTY,Acrylic Putty,PUTTY,,ACRYLIC PUTTY,HIGH,[family+subProduct+baseColour] no grouping change
AQUATECH|||FLOOR PLUS|||BRILLIANT WHITE,AQUATECH,FLOOR PLUS,,BRILLIANT WHITE,Floor Plus,FLOOR PLUS,,FLOOR PLUS,HIGH,[doc] FLOOR PLUS extracted from AQUATECH
AQUATECH|||DAMP PROTECT 2IN1|||,AQUATECH,DAMP PROTECT 2IN1,,,Damp Protect 2in1,AQUATECH,TOPCOAT,TOPCOAT,HIGH,[doc/backup] AQUATECH DAMP PROTECT 2IN1 → uiGroup TOPCOAT
AQUATECH|||INTERIOR WBC|||,AQUATECH,INTERIOR WBC,,,Interior Wbc,AQUATECH,BASECOAT,BASECOAT,REVIEW,[inferred] INTERIOR WBC → BASECOAT (backup product INTERIOR BASECOAT; name differs)
AQUATECH|||LW PLUS|||,AQUATECH,LW PLUS,,,Lw Plus,AQUATECH,ADDITIVES,ADDITIVES,HIGH,[doc/backup] AQUATECH LW PLUS → uiGroup ADDITIVES
AQUATECH|||PRETREATMENT COAT|||,AQUATECH,PRETREATMENT COAT,,,Pretreatment Coat,AQUATECH,PREP,PREP,HIGH,[doc/backup] AQUATECH PRETREATMENT COAT → uiGroup PREP
AQUATECH|||PU COAT|||,AQUATECH,PU COAT,,,PU Coat,AQUATECH,TOPCOAT,TOPCOAT,HIGH,[doc/backup] AQUATECH PU COAT → uiGroup TOPCOAT
AQUATECH|||ROOF COAT|||BRILLIANT WHITE,AQUATECH,ROOF COAT,,BRILLIANT WHITE,Roof Coat,AQUATECH,TOPCOAT,TOPCOAT,HIGH,"[doc/backup] ROOF COAT fold → product=ROOF COAT WHITE, baseColour cleared, uiGroup=TOPCOAT"
AQUATECH|||RP LATEX|||,AQUATECH,RP LATEX,,,Rp Latex,AQUATECH,ADDITIVES,ADDITIVES,HIGH,[doc/backup] AQUATECH RP LATEX → uiGroup ADDITIVES
AQUATECH|||TG COTTON WOOL|||,AQUATECH,TG COTTON WOOL,,,Tg Cotton Wool,AQUATECH,ADDITIVES,ADDITIVES,HIGH,[doc/backup] AQUATECH TG COTTON WOOL → uiGroup ADDITIVES
AQUATECH|||WATERBLOCK 2K|||,AQUATECH,WATERBLOCK 2K,,,Waterblock 2k,AQUATECH,TOPCOAT,TOPCOAT,HIGH,[doc/backup] AQUATECH WATERBLOCK 2K → uiGroup TOPCOAT
AQUATECH|||WRP|||,AQUATECH,WRP,,,Wrp,AQUATECH,ADDITIVES,ADDITIVES,HIGH,[doc/backup] AQUATECH WRP → uiGroup ADDITIVES
AQUATECH|||FLOOR PLUS|||93 BASE,AQUATECH,FLOOR PLUS,,93 BASE,Floor Plus,FLOOR PLUS,,FLOOR PLUS,HIGH,[doc] FLOOR PLUS extracted from AQUATECH
STAINER|||PU STAINER|||BRILLIANT WHITE,STAINER,PU STAINER,,BRILLIANT WHITE,PU Stainer (GVA),STAINER,GVA / PU,PU,REVIEW,"matched via displayName+baseColour; [displayName+baseColour] subProduct PU STAINER→PU, uiGroup ∅→GVA / PU"
STAINER|||UNIVERSAL STAINER|||FAST GREEN,STAINER,UNIVERSAL STAINER,,FAST GREEN,Universal Stainer,STAINER,UNIVERSAL STAINER,UNIVERSAL STAINER,HIGH,[family+subProduct+baseColour] uiGroup ∅→UNIVERSAL STAINER
STAINER|||UNIVERSAL STAINER|||YELLOW OXIDE,STAINER,UNIVERSAL STAINER,,YELLOW OXIDE,Universal Stainer,STAINER,UNIVERSAL STAINER,UNIVERSAL STAINER,HIGH,[family+subProduct+baseColour] uiGroup ∅→UNIVERSAL STAINER
STAINER|||PU STAINER|||ORGANIC RED VIOLET,STAINER,PU STAINER,,ORGANIC RED VIOLET,PU Stainer (GVA),STAINER,GVA / PU,PU,REVIEW,"matched via displayName+baseColour; [displayName+baseColour] subProduct PU STAINER→PU, uiGroup ∅→GVA / PU"
AQUATECH|||FLOOR PLUS|||PO RED,AQUATECH,FLOOR PLUS,,PO RED,Floor Plus,FLOOR PLUS,,FLOOR PLUS,HIGH,[doc] FLOOR PLUS extracted from AQUATECH
STAINER|||UNIVERSAL STAINER|||FAST ORANGE,STAINER,UNIVERSAL STAINER,,FAST ORANGE,Universal Stainer,STAINER,UNIVERSAL STAINER,UNIVERSAL STAINER,HIGH,[family+subProduct+baseColour] uiGroup ∅→UNIVERSAL STAINER
STAINER|||PU STAINER|||YELLOW OXIDE,STAINER,PU STAINER,,YELLOW OXIDE,PU Stainer (GVA),STAINER,GVA / PU,PU,REVIEW,"matched via displayName+baseColour; [displayName+baseColour] subProduct PU STAINER→PU, uiGroup ∅→GVA / PU"
STAINER|||PU STAINER|||GREEN,STAINER,PU STAINER,,GREEN,PU Stainer (GVA),STAINER,GVA / PU,PU,REVIEW,"matched via displayName+baseColour; [displayName+baseColour] subProduct PU STAINER→PU, uiGroup ∅→GVA / PU"
STAINER|||PU STAINER|||ORGANIC VIOLET,STAINER,PU STAINER,,ORGANIC VIOLET,PU Stainer (GVA),STAINER,GVA / PU,PU,REVIEW,"matched via displayName+baseColour; [displayName+baseColour] subProduct PU STAINER→PU, uiGroup ∅→GVA / PU"
AQUATECH|||CRACKFILLER|||10MM,AQUATECH,CRACKFILLER,,10MM,Crackfiller,AQUATECH,PREP,PREP,HIGH,[doc/backup] AQUATECH CRACKFILLER → uiGroup PREP
AQUATECH|||ROOF COAT|||GREY,AQUATECH,ROOF COAT,,GREY,Roof Coat,AQUATECH,TOPCOAT,TOPCOAT,HIGH,"[doc/backup] ROOF COAT fold → product=ROOF COAT GREY, baseColour cleared, uiGroup=TOPCOAT"
STAINER|||MACHINE TINTER|||FFR,STAINER,MACHINE TINTER,,FFR,Machine Tinter (Dealer),STAINER,MACHINE STAINER,MACHINE STAINER,REVIEW,"matched via displayName+baseColour; [displayName+baseColour] subProduct MACHINE TINTER→MACHINE STAINER, uiGroup ∅→MACHINE STAINER"
STAINER|||MACHINE TINTER|||MAG,STAINER,MACHINE TINTER,,MAG,Machine Tinter (Dealer),STAINER,MACHINE STAINER,MACHINE STAINER,REVIEW,"matched via displayName+baseColour; [displayName+baseColour] subProduct MACHINE TINTER→MACHINE STAINER, uiGroup ∅→MACHINE STAINER"
STAINER|||ACOTONE TINTER|||NO1,STAINER,ACOTONE TINTER,,NO1,Acotone Tinter,STAINER,ACOTONE,ACOTONE,REVIEW,"matched via displayName+baseColour; [displayName+baseColour] subProduct ACOTONE TINTER→ACOTONE, uiGroup ∅→ACOTONE"
STAINER|||ACOTONE TINTER|||XY1,STAINER,ACOTONE TINTER,,XY1,Acotone Tinter,STAINER,ACOTONE,ACOTONE,REVIEW,"matched via displayName+baseColour; [displayName+baseColour] subProduct ACOTONE TINTER→ACOTONE, uiGroup ∅→ACOTONE"
STAINER|||PU STAINER|||BLUE,STAINER,PU STAINER,,BLUE,PU Stainer (GVA),STAINER,GVA / PU,PU,REVIEW,"matched via displayName+baseColour; [displayName+baseColour] subProduct PU STAINER→PU, uiGroup ∅→GVA / PU"
AQUATECH|||CRACKFILLER|||5MM,AQUATECH,CRACKFILLER,,5MM,Crackfiller,AQUATECH,PREP,PREP,HIGH,[doc/backup] AQUATECH CRACKFILLER → uiGroup PREP
STAINER|||ACOTONE TINTER|||NO2,STAINER,ACOTONE TINTER,,NO2,Acotone Tinter,STAINER,ACOTONE,ACOTONE,REVIEW,"matched via displayName+baseColour; [displayName+baseColour] subProduct ACOTONE TINTER→ACOTONE, uiGroup ∅→ACOTONE"
STAINER|||MACHINE TINTER|||OXR,STAINER,MACHINE TINTER,,OXR,Machine Tinter (Dealer),STAINER,MACHINE STAINER,MACHINE STAINER,REVIEW,"matched via displayName+baseColour; [displayName+baseColour] subProduct MACHINE TINTER→MACHINE STAINER, uiGroup ∅→MACHINE STAINER"
STAINER|||UNIVERSAL STAINER|||FAST YELLOW,STAINER,UNIVERSAL STAINER,,FAST YELLOW,Universal Stainer,STAINER,UNIVERSAL STAINER,UNIVERSAL STAINER,HIGH,[family+subProduct+baseColour] uiGroup ∅→UNIVERSAL STAINER
STAINER|||ACOTONE TINTER|||GR1,STAINER,ACOTONE TINTER,,GR1,Acotone Tinter,STAINER,ACOTONE,ACOTONE,REVIEW,"matched via displayName+baseColour; [displayName+baseColour] subProduct ACOTONE TINTER→ACOTONE, uiGroup ∅→ACOTONE"
STAINER|||HP COLORANT|||COLORANT,STAINER,HP COLORANT,,COLORANT,HP Colorant,STAINER,HP,HP,REVIEW,"[doc/backup] STAINER HP → uiGroup HP; backup split into 3 colour rows (RED/YELLOW/GREEN) — live is 1 collapsed COLORANT row, consider splitting"
STAINER|||MACHINE TINTER|||LFY,STAINER,MACHINE TINTER,,LFY,Machine Tinter (Dealer),STAINER,MACHINE STAINER,MACHINE STAINER,REVIEW,"matched via displayName+baseColour; [displayName+baseColour] subProduct MACHINE TINTER→MACHINE STAINER, uiGroup ∅→MACHINE STAINER"
AQUATECH|||FLEXIBLE COAT|||ADVANCE,AQUATECH,FLEXIBLE COAT,,ADVANCE,Flexible Coat,AQUATECH,BASECOAT,BASECOAT,HIGH,[doc/backup] AQUATECH FLEXIBLE COAT → uiGroup BASECOAT
AQUATECH|||IBC ADVANCE|||ADVANCE,AQUATECH,IBC ADVANCE,,ADVANCE,Ibc Advance,AQUATECH,BASECOAT,BASECOAT,HIGH,[doc/backup] AQUATECH IBC ADVANCE → uiGroup BASECOAT
STAINER|||ACOTONE TINTER|||BU1,STAINER,ACOTONE TINTER,,BU1,Acotone Tinter,STAINER,ACOTONE,ACOTONE,REVIEW,"matched via displayName+baseColour; [displayName+baseColour] subProduct ACOTONE TINTER→ACOTONE, uiGroup ∅→ACOTONE"
STAINER|||ACOTONE TINTER|||OR1,STAINER,ACOTONE TINTER,,OR1,Acotone Tinter,STAINER,ACOTONE,ACOTONE,REVIEW,"matched via displayName+baseColour; [displayName+baseColour] subProduct ACOTONE TINTER→ACOTONE, uiGroup ∅→ACOTONE"
STAINER|||ACOTONE TINTER|||RE1,STAINER,ACOTONE TINTER,,RE1,Acotone Tinter,STAINER,ACOTONE,ACOTONE,REVIEW,"matched via displayName+baseColour; [displayName+baseColour] subProduct ACOTONE TINTER→ACOTONE, uiGroup ∅→ACOTONE"
STAINER|||UNIVERSAL STAINER|||FAST BLUE,STAINER,UNIVERSAL STAINER,,FAST BLUE,Universal Stainer,STAINER,UNIVERSAL STAINER,UNIVERSAL STAINER,HIGH,[family+subProduct+baseColour] uiGroup ∅→UNIVERSAL STAINER
STAINER|||ACOTONE TINTER|||BU2,STAINER,ACOTONE TINTER,,BU2,Acotone Tinter,STAINER,ACOTONE,ACOTONE,REVIEW,"matched via displayName+baseColour; [displayName+baseColour] subProduct ACOTONE TINTER→ACOTONE, uiGroup ∅→ACOTONE"
STAINER|||ACOTONE TINTER|||RE2,STAINER,ACOTONE TINTER,,RE2,Acotone Tinter,STAINER,ACOTONE,ACOTONE,REVIEW,"matched via displayName+baseColour; [displayName+baseColour] subProduct ACOTONE TINTER→ACOTONE, uiGroup ∅→ACOTONE"
STAINER|||UNIVERSAL STAINER|||FAST VIOLET,STAINER,UNIVERSAL STAINER,,FAST VIOLET,Universal Stainer,STAINER,UNIVERSAL STAINER,UNIVERSAL STAINER,HIGH,[family+subProduct+baseColour] uiGroup ∅→UNIVERSAL STAINER
STAINER|||MACHINE TINTER|||WHITE,STAINER,MACHINE TINTER,,WHITE,Machine Tinter (Dealer),STAINER,MACHINE STAINER,MACHINE STAINER,REVIEW,"matched via displayName+baseColour; [displayName+baseColour] subProduct MACHINE TINTER→MACHINE STAINER, uiGroup ∅→MACHINE STAINER"
AQUATECH|||FLEXIBLE COAT|||NEO,AQUATECH,FLEXIBLE COAT,,NEO,Flexible Coat,AQUATECH,BASECOAT,BASECOAT,HIGH,[doc/backup] AQUATECH FLEXIBLE COAT → uiGroup BASECOAT
STAINER|||ACOTONE TINTER|||YE1,STAINER,ACOTONE TINTER,,YE1,Acotone Tinter,STAINER,ACOTONE,ACOTONE,REVIEW,"matched via displayName+baseColour; [displayName+baseColour] subProduct ACOTONE TINTER→ACOTONE, uiGroup ∅→ACOTONE"
STAINER|||ACOTONE TINTER|||YE2,STAINER,ACOTONE TINTER,,YE2,Acotone Tinter,STAINER,ACOTONE,ACOTONE,REVIEW,"matched via displayName+baseColour; [displayName+baseColour] subProduct ACOTONE TINTER→ACOTONE, uiGroup ∅→ACOTONE"
STAINER|||ACOTONE TINTER|||XR1,STAINER,ACOTONE TINTER,,XR1,Acotone Tinter,STAINER,ACOTONE,ACOTONE,REVIEW,"matched via displayName+baseColour; [displayName+baseColour] subProduct ACOTONE TINTER→ACOTONE, uiGroup ∅→ACOTONE"
STAINER|||UNIVERSAL STAINER|||FAST RED,STAINER,UNIVERSAL STAINER,,FAST RED,Universal Stainer,STAINER,UNIVERSAL STAINER,UNIVERSAL STAINER,HIGH,[family+subProduct+baseColour] uiGroup ∅→UNIVERSAL STAINER
AQUATECH|||CRACKFILLER|||20MM,AQUATECH,CRACKFILLER,,20MM,Crackfiller,AQUATECH,PREP,PREP,HIGH,[doc/backup] AQUATECH CRACKFILLER → uiGroup PREP
AQUATECH|||DAMP PROTECT BASECOAT|||BASECOAT,AQUATECH,DAMP PROTECT BASECOAT,,BASECOAT,Damp Protect Basecoat,AQUATECH,BASECOAT,BASECOAT,REVIEW,[doc directive] → BASECOAT (backup had TOPCOAT — divergence flagged)
STAINER|||PU STAINER|||ORGANIC LEMON YELLOW,STAINER,PU STAINER,,ORGANIC LEMON YELLOW,PU Stainer (GVA),STAINER,GVA / PU,PU,REVIEW,"matched via displayName+baseColour; [displayName+baseColour] subProduct PU STAINER→PU, uiGroup ∅→GVA / PU"
STAINER|||UNIVERSAL STAINER|||FASTYELLOWGREEN,STAINER,UNIVERSAL STAINER,,FASTYELLOWGREEN,Universal Stainer,STAINER,UNIVERSAL STAINER,UNIVERSAL STAINER,HIGH,[family+subProduct+baseColour] uiGroup ∅→UNIVERSAL STAINER
STAINER|||ACOTONE TINTER|||WH1,STAINER,ACOTONE TINTER,,WH1,Acotone Tinter,STAINER,ACOTONE,ACOTONE,REVIEW,"matched via displayName+baseColour; [displayName+baseColour] subProduct ACOTONE TINTER→ACOTONE, uiGroup ∅→ACOTONE"
AQUATECH|||ROOF COAT|||TERACOTTA,AQUATECH,ROOF COAT,,TERACOTTA,Roof Coat,AQUATECH,TOPCOAT,TOPCOAT,HIGH,"[doc/backup] ROOF COAT fold → product=ROOF COAT TERACOTTA, baseColour cleared, uiGroup=TOPCOAT"
STAINER|||PU STAINER|||FAST RED,STAINER,PU STAINER,,FAST RED,PU Stainer (GVA),STAINER,GVA / PU,PU,REVIEW,"matched via displayName+baseColour; [displayName+baseColour] subProduct PU STAINER→PU, uiGroup ∅→GVA / PU"
STAINER|||PU STAINER|||RED OXIDE,STAINER,PU STAINER,,RED OXIDE,PU Stainer (GVA),STAINER,GVA / PU,PU,REVIEW,"matched via displayName+baseColour; [displayName+baseColour] subProduct PU STAINER→PU, uiGroup ∅→GVA / PU"
STAINER|||MACHINE TINTER|||TBL,STAINER,MACHINE TINTER,,TBL,Machine Tinter (Dealer),STAINER,MACHINE STAINER,MACHINE STAINER,REVIEW,"matched via displayName+baseColour; [displayName+baseColour] subProduct MACHINE TINTER→MACHINE STAINER, uiGroup ∅→MACHINE STAINER"
STAINER|||PU STAINER|||ORGANIC ORANGE,STAINER,PU STAINER,,ORGANIC ORANGE,PU Stainer (GVA),STAINER,GVA / PU,PU,REVIEW,"matched via displayName+baseColour; [displayName+baseColour] subProduct PU STAINER→PU, uiGroup ∅→GVA / PU"
STAINER|||UNIVERSAL STAINER|||BURNT SIENNA,STAINER,UNIVERSAL STAINER,,BURNT SIENNA,Universal Stainer,STAINER,UNIVERSAL STAINER,UNIVERSAL STAINER,HIGH,[family+subProduct+baseColour] uiGroup ∅→UNIVERSAL STAINER
AQUATECH|||FLOOR PLUS|||BLACK,AQUATECH,FLOOR PLUS,,BLACK,Floor Plus,FLOOR PLUS,,FLOOR PLUS,HIGH,[doc] FLOOR PLUS extracted from AQUATECH
STAINER|||UNIVERSAL STAINER|||BLACK,STAINER,UNIVERSAL STAINER,,BLACK,Universal Stainer,STAINER,UNIVERSAL STAINER,UNIVERSAL STAINER,HIGH,[family+subProduct+baseColour] uiGroup ∅→UNIVERSAL STAINER
SMOOTHOVER|||SMOOTHOVER|||,SMOOTHOVER,SMOOTHOVER,,,Smoothover,SMOOTHOVER,,SMOOTHOVER,HIGH,[family+subProduct+baseColour] no grouping change
STAINER|||ACOTONE TINTER|||MA1,STAINER,ACOTONE TINTER,,MA1,Acotone Tinter,STAINER,ACOTONE,ACOTONE,REVIEW,"matched via displayName+baseColour; [displayName+baseColour] subProduct ACOTONE TINTER→ACOTONE, uiGroup ∅→ACOTONE"
STAINER|||MACHINE TINTER|||GRN,STAINER,MACHINE TINTER,,GRN,Machine Tinter (Dealer),STAINER,MACHINE STAINER,MACHINE STAINER,REVIEW,"matched via displayName+baseColour; [displayName+baseColour] subProduct MACHINE TINTER→MACHINE STAINER, uiGroup ∅→MACHINE STAINER"
STAINER|||PU STAINER|||ORGANIC MIDDLE YELLOW,STAINER,PU STAINER,,ORGANIC MIDDLE YELLOW,PU Stainer (GVA),STAINER,GVA / PU,PU,REVIEW,"matched via displayName+baseColour; [displayName+baseColour] subProduct PU STAINER→PU, uiGroup ∅→GVA / PU"
STAINER|||PU STAINER|||BLACK,STAINER,PU STAINER,,BLACK,PU Stainer (GVA),STAINER,GVA / PU,PU,REVIEW,"matched via displayName+baseColour; [displayName+baseColour] subProduct PU STAINER→PU, uiGroup ∅→GVA / PU"
STAINER|||MACHINE TINTER|||YOX,STAINER,MACHINE TINTER,,YOX,Machine Tinter (Dealer),STAINER,MACHINE STAINER,MACHINE STAINER,REVIEW,"matched via displayName+baseColour; [displayName+baseColour] subProduct MACHINE TINTER→MACHINE STAINER, uiGroup ∅→MACHINE STAINER"
STAINER|||MACHINE TINTER|||BLACK,STAINER,MACHINE TINTER,,BLACK,Machine Tinter (Dealer),STAINER,MACHINE STAINER,MACHINE STAINER,REVIEW,"matched via displayName+baseColour; [displayName+baseColour] subProduct MACHINE TINTER→MACHINE STAINER, uiGroup ∅→MACHINE STAINER"
