category,product,baseColour,sku_count,example_description
AQUATECH,CRACKFILLER,10MM,2,DN AQUATECH CRACKFILLER 10MM 1KG
AQUATECH,CRACKFILLER,20MM,2,DN AQUATECH DEEP CRACKFILLER 20MM 1KG
AQUATECH,CRACKFILLER,5MM,3,DN AQUATECH CRACKFILLER 5MM 400G
AQUATECH,DAMP PROTECT 2IN1,,4,DN AQUATECH DAMP PROTECT 2IN1 10L
AQUATECH,DAMP PROTECT BASECOAT,BASECOAT,4,DN AQUATECH DAMP PROTECT BASECOAT 10L
AQUATECH,FLEXIBLE COAT,ADVANCE,4,DN AQUATECH FBC ADVANCE 10L
AQUATECH,FLEXIBLE COAT,NEO,4,DN AQUATECH FBC NEO 10L
AQUATECH,FLOOR PLUS,93 BASE,3,DULUX WS FLOORPLUS 93 BASE 1 LTR
AQUATECH,FLOOR PLUS,BLACK,2,DULUX WS FLOORPLUS BLACK 1LTR
AQUATECH,FLOOR PLUS,BRILLIANT WHITE,2,DULUX WS FLOORPLUS WHITE 1LTR
AQUATECH,FLOOR PLUS,PO RED,1,DULUX FLOORPLUS PO RED 10L
AQUATECH,IBC ADVANCE,ADVANCE,3,DN AQUATECH IBC ADVANCE 1L
AQUATECH,INTERIOR WBC,,8,DN AQUATECH INTERIOR WBC  10L
AQUATECH,LW PLUS,,4,DPP-AQUATECH LW PLUS 0.2L
AQUATECH,PRETREATMENT COAT,,1,DN AQUATECH PRETREATMENT COAT 1L
AQUATECH,PU COAT,,2,DN AQUATECH PU COAT 25KG
AQUATECH,ROOF COAT,BRILLIANT WHITE,4,DN WTP AQUATECH ROOF COAT 10L
AQUATECH,ROOF COAT,GREY,3,DN WTP AQUATECH ROOF COAT GREY 1L
AQUATECH,ROOF COAT,TERACOTTA,3,DN WTP AQUATECH ROOF COAT TERACOTTA 1L
AQUATECH,RP LATEX,,4,DPP-AQUATECH RP LATEX 0.5L
AQUATECH,TG COTTON WOOL,,1,DPP-AQUATECH TG COTTON WOOL 1KG
AQUATECH,WATERBLOCK 2K,,2,DN AQUATECH WATERBLOCK 2K 15KG
AQUATECH,WATERPROOF PUTTY,,1,DN AQUATECH WATERPROOF PUTTY 40KG
AQUATECH,WRP,,4,DN AQUATECH WRP 0.5 KG
AUTO,AUTO STAR,,29,AS AUTO STAR ALUMINIUM 1L
AUTO,AUTO STAR,BLACK,5,AS AUTO STAR BLACK 1L
AUTO,AUTO STAR,BRILLIANT WHITE,15,AS AUTO STAR CASABLANCA WHITE 1LT
AUTO,AUTO STAR,BROWN,1,AUTOSTAR EICHER BROWN M12Y25 1L
AUTO,AUTO STAR,BUS GREEN,1,AS AUTO STAR BUS GREEN 1L
AUTO,AUTO STAR,CHERRY,1,AS AUTO STAR CHERRY 1LT
AUTO,AUTO STAR,GOLDEN BROWN,2,AS AUTO STAR BHARAT BENZ GOLDEN BROWN 1L
AUTO,AUTO STAR,GOLDEN YELLOW,1,AS AUTO STAR GOLDEN YELLOW VAR 1L
AUTO,AUTO STAR,PHIROZA BLUE,1,AS AUTO STAR PHIROZA BLUE 4L
AUTO,AUTO STAR,PO RED,1,AS AUTO STAR P O RED 1L
AUTO,AUTO STAR,SIGNAL RED,1,AS AUTO STAR SIGNAL RED 1L
DUCO,DUCO PU CLEAR,,2,DP DUCO PU CLEAR COMBI 1L
DUCO,DUCO PU HARDENER,,1,DP DUCO PU MS HARDENER 500ML
DUCO,DUCO PU MATT CLEAR,,3,DP DUCO PU MATT CLEAR 835ML
DUCO,DUCO PU MATT WHITE,BRILLIANT WHITE,1,DP DUCO PU MATT WHITE COMBI 1L
DUCO,DUCO PU RM BLACK,BLACK,1,DP DUCO PU RM BLACK COMBI 1L
DUCO,DUCO PU RM WHITE,BRILLIANT WHITE,2,DP DUCO PU RM WHITE COMBI 1L
DUCO,DUCO PU SEALING FILLER,,2,DP DUCO PU SEALING FILLER COMBI 1L
DUCO,DUCO PU SEALING FILLER WHITE,BRILLIANT WHITE,3,DP DUCO PU SEALING FILLER WHITE 835ML
DUCO,DUCO PU THINNER,,1,DP DUCO PU THINNER 1L
DULUX,3IN1,90 BASE,2,DN SCN 3IN1 90 BASE  1 LT
DULUX,3IN1,92 BASE,1,DN SCN 3IN1 92 BASE  1 L
DULUX,3IN1,94 BASE,1,DN SCN 3IN1 94 BASE  1 L
DULUX,3IN1,95 BASE,1,DN SCN 3IN1 95 BASE  1 L
DULUX,3IN1,96 BASE,2,DN SCN 3IN1 96 BASE  1 L
DULUX,3IN1,BRILLIANT WHITE,3,DN SCN 3IN1 WHITE  1 L
DULUX,5IN1,92 BASE,4,DN 5IN1 INTERMEDIATE BASE 1L
DULUX,5IN1,93 BASE,2,DN 5IN1 93 BASE 0.925L
DULUX,5IN1,94 BASE,4,DN 5IN1 ACCENT BASE 1L
DULUX,5IN1,BLACK,2,DN 5IN1 BLACK 4L
DULUX,5IN1,BRILLIANT WHITE,6,DN 5IN1 WHITE 4LT
DULUX,5IN1,BROWN,1,DN 5IN1 BROWN 1LT
DULUX,5IN1,CHERRY,3,DN 5IN1 CHERRY 1LT
DULUX,5IN1,GOLDEN BROWN,3,DN 5IN1 GOLDEN BROWN 1LT
DULUX,5IN1,PHIROZA,1,DN 5IN1 PHIROZA 1LT
DULUX,ALKALI BLOC PRIMER,,1,DN WS ALKALI BLOC PRIMER 1L
DULUX,GLOSS,BRILLIANT WHITE,1,DN GLOSS WHITE BASE 20LT
DULUX,IAE PROJECT,BRILLIANT WHITE,2,DN IAE PROJ WHITE 20L
DULUX,INTERIOR DISTEMPER,,1,INTERIOR A100 ACRY DISTEMPER
DULUX,LUSTRE,,1,DN LUSTRE LUSTRE YELLOW BA 3.6LT
DULUX,LUSTRE,92 BASE,2,DN LUSTRE INTERMEDIATE BASE 18LT
DULUX,LUSTRE,94 BASE,1,DN LUSTRE ACCENT BASE 0.9LT
DULUX,LUSTRE,BRILLIANT WHITE,6,DN LUSTRE WHITE BASE (NEW) 10LT
DULUX,LUSTRE,YELLOW BASE,1,DN LUSTRE YELLOW BASE 0.9LT
DULUX,PU ENAMEL,PHIROZA,1,DN PU ENAMEL PHIROZA 20L
DULUX,SATIN STAY BRIGHT,BLACK,1,DN WB SATIN BLACK 200ML
DULUX,SILK FINISH,AMETHYST PURPLE,1,DN SS SILK FINISH AMETHYST PURPLE 1LT
DULUX,SMOOTHOVER,,1,DN SMOOTHOVER 15L
DULUX,SUPERCLEAN,90 BASE,1,DN SUPERCLEAN WHT 90 BASE 1L
DULUX,SUPERCLEAN,92 BASE,4,DN SUPERCLEAN INT 92 BASE 10L
DULUX,SUPERCLEAN,93 BASE,2,DN SUPERCLEAN NEW 93 BASE 10L
DULUX,SUPERCLEAN,94 BASE,5,DN SUPERCLEAN ACCENT 94 BASE 10L
DULUX,SUPERCLEAN,95 BASE,3,DN SUPERCLEAN DEEP 95 BASE 1L
DULUX,SUPERCLEAN,96 BASE,2,DN SUPERCLEAN NEW 96 BASE 1L
DULUX,SUPERCLEAN,97 BASE,2,DN SUPERCLEAN NEW 97 BASE 4L
DULUX,SUPERCLEAN,BRILLIANT WHITE,2,DN SUPERCLEAN BRILLIANT WHITE 1L
DULUX,SUPERCOVER,92 BASE,1,DN SUPERCOVER INTERMEDIATE BASE 1L
DULUX,SUPERCOVER,YELLOW BASE,2,DN SUPERCOVER YELLOW BASE 1L
DUWEL,DUWEL ACRYLIC DISTEMPER,,3,IP DUWEL ACR DIST 10KG
DUWEL,DUWEL ENAMEL,PHIROZA BLUE,1,IP DUWEL ENAMEL PHIROZA BLUE 4L
DUWEL,DUWEL FARCO WHITE PRIMER,,4,IP ICI DUWEL FARCO WHITE PRIMER 10L
DUWEL,DUWEL INTERIOR ACRYLIC PRIMER,,5,DUWEL INTERIOR ACRYLIC PRIMER 10L
DUWEL,DUWEL MAGIK,90 BASE,5,IP DUWEL MAGIK WHITE BASE 10KG
DUWEL,DUWEL MAGIK,BRILLIANT WHITE,7,IP DUWEL MAGIK WHITE 10KG
DUWEL,DUWEL POLYPUTTY,,3,DN POLYPUTTY 40KG
DUWEL,DUWEL RED OXIDE METAL PRIMER,,2,IP DUWEL RED OXIDE METAL PRIMER 10LT
DUWEL,DUWEL WB CEMENT PRIMER,,2,IP DUWEL WB CEMENT PRIMER 1 LT
DUWEL,DUWEL WOOD PRIMER,BRILLIANT WHITE,5,IP DUWEL WOOD PRIMER (WHITE) 10LT
DUWEL,DUWEL WOOD PRIMER,PINK,3,IP DUWEL WOOD PRIMER (PINK) 1LT
DUWEL,ICI DUWEL SB CEMENT PRIMER,,1,ICI DUWEL SB CEMENT PRIMER 20L
DUWEL,IP DUWEL SB CEMENT PRIMER,,1,IP DUWEL SB CEMENT PRIMER 20L
EMULSION,WS METALLIC,GOLD,3,DN WS METALLIC GOLD 0.5L
EMULSION,WS METALLIC,SILVER,3,DN WS METALLIC SILVER 0.5L
FLOOR PLUS,FLOOR PLUS,93 BASE,1,Dulux WS Floorplus 93 Base 10 ltr
FLOOR PLUS,FLOOR PLUS,BLACK,4,DULUX FLOORPLUS BLACK 10L
FLOOR PLUS,FLOOR PLUS,BRILLIANT WHITE,2,DULUX FLOORPLUS WHITE 1L
FLOOR PLUS,FLOOR PLUS,FOREST GREEN,2,DULUX FLOORPLUS FOREST GREEN 1L
FLOOR PLUS,FLOOR PLUS,GOLDEN YELLOW,3,DULUX FLOORPLUS GOLDEN YELLOW 10L
FLOOR PLUS,FLOOR PLUS,GUN GREY,3,DULUX FLOORPLUS GUN GREY 10L
FLOOR PLUS,FLOOR PLUS,PAVER GREY,3,DULUX FLOORPLUS PAVER GREY 10L
FLOOR PLUS,FLOOR PLUS,PEACOCK BLUE,3,DULUX FLOORPLUS PEACOCK BLUE 10L
FLOOR PLUS,FLOOR PLUS,PO RED,2,DULUX FLOORPLUS PO RED 1L
FLOOR PLUS,FLOOR PLUS,SIGNAL RED,3,DULUX FLOORPLUS SIGNAL RED 10L
FLOOR PLUS,FLOOR PLUS,SIGNAL RED PLUS,2,DULUX FLOORPLUS SIGNAL RED PLUS 1L
FLOOR PLUS,FLOOR PLUS,TERACOTTA,3,DULUX FLOORPLUS TERRACOTTA 10L
FLOOR PLUS,FLOOR PLUS,WHITE,2,Dulux WS Floorplus White 10ltr
GLOSS,GLOSS,90 BASE,5,DN GLOSS WHITE BASE NEW 10L
GLOSS,GLOSS,92 BASE,5,DN GLOSS INTERMEDIATE BASE NEW 0.9L
GLOSS,GLOSS,93 BASE,4,DN DULUX GLOSS 93 BASE 18.5L
GLOSS,GLOSS,94 BASE,3,DN GLOSS ACCENT BASE 1L
GLOSS,GLOSS,AQUAMARINE,3,DN GLOSS AQUAMARINE 1LT
GLOSS,GLOSS,BLACK,7,DN GLOSS BLACK 100ML
GLOSS,GLOSS,BLAZING WHITE,5,DN GLOSS BLAZING WHITE 10L
GLOSS,GLOSS,BRILLIANT WHITE,7,DN GLOSS BRILLIANT WHITE 100ML
GLOSS,GLOSS,BUS GREEN,6,DN GLOSS BUS GREEN 100ML
GLOSS,GLOSS,CASCADE GREEN,2,DN GLOSS CASCADE GREEN 1LT
GLOSS,GLOSS,CHERRY,3,DN GLOSS CHERRY 1L
GLOSS,GLOSS,CLASSIC WHITE,5,DN GLOSS CLASSIC WHITE 10LT
GLOSS,GLOSS,DA GREY,4,DN GLOSS DA GREY 1L
GLOSS,GLOSS,DARK BROWN,7,DN GLOSS DARK BROWN 100ML
GLOSS,GLOSS,DAWN,4,DN GLOSS DAWN 1LT
GLOSS,GLOSS,DEEP GREEN,3,DN GLOSS DEEP GREEN 1LT
GLOSS,GLOSS,DEEP ORANGE,4,DN GLOSS DEEP ORANGE 1L
GLOSS,GLOSS,GOLDEN BROWN,7,DN GLOSS GOLDEN BROWN 100ML
GLOSS,GLOSS,GOLDEN YELLOW,6,DN GLOSS GOLDEN YELLOW 100ML
GLOSS,GLOSS,GREEN BASE,5,DN GLOSS GREEN BASE 0.9LT
GLOSS,GLOSS,LEAF BROWN,3,DN GLOSS LEAF BROWN 1LT
GLOSS,GLOSS,LIGHT GREY,3,DN GLOSS LIGHT GREY 1L
GLOSS,GLOSS,MAHOGANY,3,DN GLOSS MAHOGANY 1LT
GLOSS,GLOSS,MIDDLE BUFF,3,DN GLOSS MIDDLE BUFF 1L
GLOSS,GLOSS,MINT GREEN,6,DN GLOSS MINT GREEN 100ML
GLOSS,GLOSS,OFF WHITE,3,DN GLOSS OFF WHITE 1LT
GLOSS,GLOSS,OPALINE GREEN,1,DN GLOSS OPALINE GREEN 1LT
GLOSS,GLOSS,OXFORD BLUE,6,DN GLOSS OXFORD BLUE 100ML
GLOSS,GLOSS,PALE CREAM,3,DN GLOSS PALE CREAM 1LT
GLOSS,GLOSS,PHIROZA,6,DN GLOSS PHIROZA 100ML
GLOSS,GLOSS,PO RED,6,DN GLOSS PO RED 100ML
GLOSS,GLOSS,ROYAL IVORY,4,DN GLOSS ROYAL IVORY 1LT
GLOSS,GLOSS,SAND STONE,4,DN GLOSS SAND STONE 1LT
GLOSS,GLOSS,SIGNAL RED,4,DN GLOSS SIGNAL RED 1LT
GLOSS,GLOSS,SKY BLUE,4,DN GLOSS SKY BLUE 1L
GLOSS,GLOSS,SMOKE GREY,7,DN GLOSS SMOKE GREY 100ML
GLOSS,GLOSS,TRUCK BROWN,5,DN GLOSS TRUCK BROWN 10LT
GLOSS,GLOSS,WILD PURPLE,5,DN GLOSS WILD PURPLE 10LT
LUSTRE,LUSTRE,90 BASE,2,DN LUSTRE WHITE BASE 10LT
LUSTRE,LUSTRE,BRILLIANT WHITE,4,DN LUSTRE WHITE 10LT
M900,M900,90 BASE,1,DP M900 Gloss Enamel 90 Base 20L
M900,M900,92 BASE,1,DP M900 Gloss Enamel 92 Base 20L
M900,M900,94 BASE,1,DP M900 Gloss Enamel 94 Base 20L
M900,M900,BLACK,1,DP M900 Gloss Enamel Black 20L
M900,M900,BRILLIANT WHITE,1,DP M900 Gloss Enamel Brilliant White 20L
M900,M900,BUS GREEN,1,DP M900 Gloss Enamel Bus Green 20L
M900,M900,DARK BROWN,1,DP M900 Gloss Enamel Dark Brown 20L
M900,M900,GOLDEN BROWN,1,DP M900 Gloss Enamel Golden Brown 20L
M900,M900,GOLDEN YELLOW,1,DP M900 Gloss Enamel Golden Yellow 20L
M900,M900,PHIROZA BLUE,1,DP M900 Gloss Enamel Phiroza Blue 20L
M900,M900,PO RED,1,DP M900 Gloss Enamel PO Red 20L
M900,M900,SMOKE GREY,1,DP M900 Gloss Enamel Smoke Grey 20L
OTHER,COLORANT,,3,DN COG - COLANYL OXIDE GREEN CO 530 1L
PRIMER,ALKALI BLOC PRIMER,,4,DN WS ALKALI BLOC PRIMER 10L
PRIMER,DULUX WB CEMENT PRIMER,,3,DN DULUX WB CEMENT PRIMER 1L
PRIMER,EXTERIOR ACRYLIC PRIMER,,4,DN WS Prime coat Primer 10L
PRIMER,PROMISE 2IN1,,4,Promise 2 in 1 Primer Int & Ext 1 Ltr
PRIMER,PROMISE FREEDOM 2IN1,,4,Promise Freedom 2in1 Primer Int & Ext 1L
PRIMER,PROMISE PRIMER,,4,DN PROMISE PRIMER 10L
PRIMER,ROM,,5,DN ROM PRIMER 10L
PRIMER,SB CEMENT PRIMER,,4,DN SB CEMENT PRIMER 10L
PRIMER,ZINC YELLOW METAL PRIMER,,4,DN Zinc Yellow Metal Primer 1L
PROMISE,PROMISE EXTERIOR,90 BASE,4,DN Promise exterior White Base 10L
PROMISE,PROMISE EXTERIOR,92 BASE,5,DN PROMISE EXTERIOR 92 BASE 10L
PROMISE,PROMISE EXTERIOR,93 BASE,4,DN PROMISE EXTERIOR 93 BASE 0.925LTR
PROMISE,PROMISE EXTERIOR,94 BASE,5,DN PROMISE EXTERIOR 94 BASE 10L
PROMISE,PROMISE EXTERIOR,95 BASE,5,DN PROMISE EXTERIOR 95 BASE 10L
PROMISE,PROMISE EXTERIOR,96 BASE,5,DN PROMISE EXTERIOR 96 BASE 10L
PROMISE,PROMISE EXTERIOR,98 BASE,5,DN PROMISE EXTERIOR 98 BASE 10L
PROMISE,PROMISE EXTERIOR,BRILLIANT WHITE,7,DN PROMISE EXTERIOR WHITE 10L
PROMISE,PROMISE INTERIOR,,1,DN PROMISE INTERIOR ASCENT BASE 0.9L
PROMISE,PROMISE INTERIOR,90 BASE,4,DN PROMISE INTERIOR WHITE BASE 10L
PROMISE,PROMISE INTERIOR,92 BASE,6,DN PROMISE INTERIOR 92 BASE 10L
PROMISE,PROMISE INTERIOR,93 BASE,4,DN PROMISE INTERIOR 93 BASE 0.925LTR
PROMISE,PROMISE INTERIOR,94 BASE,2,DN PROMISE INTERIOR 94 BASE 1LTR
PROMISE,PROMISE INTERIOR,96 BASE,2,DN PROMISE INTERIOR 96 BASE 1L
PROMISE,PROMISE INTERIOR,97 BASE,2,DN PROMISE INTERIOR 97 BASE 1L
PROMISE,PROMISE INTERIOR,BRILLIANT WHITE,5,DN PROMISE INTERIOR WHITE 10L
PROMISE,PROMISE PRIMER,,1,DN PROMISE PRIMER 1L
PROMISE,PROMISE SHEEN EXTERIOR,93 BASE,4,DN PROMISE SHEEN EXT 93 BASE 0.925LTR
PROMISE,PROMISE SHEEN INTERIOR,93 BASE,4,DN PROMISE SHEEN INT 93 BASE 0.925LTR
PROMISE ENML,PROMISE ENML,BLACK,5,DN PROMISE ENML BLACK 10L
PROMISE ENML,PROMISE ENML,BRILLIANT WHITE,5,DN PROMISE ENML WHITE 10L
PROMISE ENML,PROMISE ENML,BUS GREEN,4,DN PROMISE ENML BUS GREEN 1L
PROMISE ENML,PROMISE ENML,CLASSIC WHITE,5,DN PROMISE ENAMEL CLASSIC WHITE 10L
PROMISE ENML,PROMISE ENML,DARK BROWN,5,DN PROMISE ENML DARK BROWN 10L
PROMISE ENML,PROMISE ENML,GOLDEN BROWN,4,DN PROMISE ENML GOLDEN BROWN 1L
PROMISE ENML,PROMISE ENML,GOLDEN YELLOW,4,DN PROMISE ENML GOLDEN YELLOW 1L
PROMISE ENML,PROMISE ENML,PHIROZA BLUE,4,DN PROMISE ENML PHIROZA BLUE 1L
PROMISE ENML,PROMISE ENML,PO RED,4,DN PROMISE ENML P O RED 1L
PROMISE ENML,PROMISE ENML,SMOKE GREY,5,DN PROMISE ENML SMOKE GREY 10L
PROMISE SHEEN,PROMISE SHEEN EXTERIOR,90 BASE,4,DN PROMISE SHEEN EXTERIOR WHITE BASE 10L
PROMISE SHEEN,PROMISE SHEEN EXTERIOR,92 BASE,4,DN PROMISE SHEEN EXTERIOR 92 BASE 10L
PROMISE SHEEN,PROMISE SHEEN EXTERIOR,94 BASE,4,DN PROMISE SHEEN EXTERIOR 94 BASE 10L
PROMISE SHEEN,PROMISE SHEEN EXTERIOR,BRILLIANT WHITE,4,DN PROMISE SHEEN EXTERIOR BR WHITE 10L
PROMISE SHEEN,PROMISE SHEEN INTERIOR,90 BASE,4,DN PROMISE SHEEN INTERIOR WHITE BASE 10L
PROMISE SHEEN,PROMISE SHEEN INTERIOR,92 BASE,4,DN PROMISE SHEEN INTERIOR 92 BASE 10L
PROMISE SHEEN,PROMISE SHEEN INTERIOR,94 BASE,4,DN PROMISE SHEEN INTERIOR 94 BASE 10L
PROMISE SHEEN,PROMISE SHEEN INTERIOR,BRILLIANT WHITE,4,DN PROMISE SHEEN INTERIOR BR WHITE 10L
PROMISE SHEEN,PROMISE SHEEN INTERIOR,METAL BASE,2,DN PROMISE SHEEN INTERIOR METAL BASE 10L
PROMISE SMARTCHOICE,PROMISE SMARTCHOICE ACRYLIC DISTEMPER,,3,Promise SmartC Acrylic Distemper 10Kg
PROMISE SMARTCHOICE,PROMISE SMARTCHOICE EXT,BRILLIANT WHITE,4,PROMISE SMARTCH EXT BR WHT/WHT BAS 10L
PROMISE SMARTCHOICE,PROMISE SMARTCHOICE EXT PRIMER,,4,DN PROMISE SMARTCHOICE EXT PRIMER 10L
PROMISE SMARTCHOICE,PROMISE SMARTCHOICE INT,BRILLIANT WHITE,4,PROMISE SMARTCH INT BR WHT/WHT BAS 10L
PROMISE SMARTCHOICE,PROMISE SMARTCHOICE INT PRIMER,,4,DN PROMISE SMARTCHOICE INT PRIMER 10L
PU,PU ENAMEL,90 BASE,2,DN PU ENAMEL WHITE BASE 1L
PU,PU ENAMEL,92 BASE,2,DN PU ENAMEL INTERMEDIATE BASE 0.975 L
PU,PU ENAMEL,94 BASE,2,DN PU ENAMEL ACCENT BASE 0.9L
PU,PU ENAMEL,BLACK,4,DN PU ENAMEL BLACK 1L
PU,PU ENAMEL,BRILLIANT WHITE,4,DN PU ENAMEL WHITE 1L
PU,PU ENAMEL,DARK BROWN,4,DN PU ENAMEL DARK BROWN 1L
PU,PU ENAMEL,GOLDEN BROWN,4,DN PU ENAMEL GOLDEN BROWN 1L
PU,PU ENAMEL,PHIROZA,3,DN PU ENAMEL PHIROZA 1L
PU,PU ENAMEL,SMOKE GREY,4,DN PU ENAMEL SMOKE GREY 1L
PUTTY,ACRYLIC PUTTY,,3,DN ACRYLIC PUTTY_PFR 1kg
SADOLIN,2KPU GLOSS,90 BASE,3,DPP-SADOLIN 2KPU GLOSS BAS90 WHT 1L
SADOLIN,2KPU GLOSS,93 BASE,2,DN SADOLIN 2KPU GLOSS 93 BASE 1L
SADOLIN,2KPU GLOSS,93 BASE CLR,1,DPP-SADOLIN 2KPU GLOSS BAS93 CLR 20L
SADOLIN,2KPU MATT,90 BASE,3,DPP-SADOLIN 2KPU MATT BAS90 WHT 1L
SADOLIN,2KPU MATT,93 BASE,3,DN SADOLIN 2KPU MATT 93 BASE 1L
SADOLIN,2KPU THINNER,,3,DN SADOLIN 2KPU THINNER 1L
SADOLIN,EPOXY 1K PRIMER,,4,DN EPOXY 1K PRIMER 1LT
SADOLIN,EPOXY INSULATOR,,2,DN SADOLIN EPOXY INSULATOR 1L
SADOLIN,EPOXY INSULATOR HARDNER,,1,DN SADOLIN EPOXY INSULATOR HARDENER 0.5L
SADOLIN,EXT CLR 2K PU GLOSS,,3,DN SADOLIN EXTERIOR CLR 2KPU GLOSS 1L
SADOLIN,EXT CLR 2K PU MATT,,3,DN SADOLIN EXTERIOR CLR 2KPU MATT 1L
SADOLIN,EXT CLR 2K PU SEALER,,3,DN SADOLIN EXTERIOR CLR 2KPU SEALER 1L
SADOLIN,INT CLR 1K PU GLOSS,,3,DN SADOLIN INT CLR 1K PU GLOSS 1L
SADOLIN,INT CLR 2K PU GLOSS,,3,DN SADOLIN INTERIOR CLR 2KPU GLOSS 1L
SADOLIN,INT CLR 2K PU MATT,,3,DN SADOLIN INTERIOR CLR 2KPU MATT 1L
SADOLIN,INT CLR 2K PU SEALER,,3,DN SADOLIN INTERIOR CLR 2KPU SEALER 1L
SADOLIN,INT CLR MELAMINE GLOSS,,3,DN SADOLIN INT CLR MELAMINE GLOSS 1L
SADOLIN,INT CLR MELAMINE MATT,,3,DN SADOLIN INT CLR MELAMINE MATT 1L
SADOLIN,INT CLR MELAMINE SEALER,,3,DN SADOLIN INT CLR MELAMINE SEALER 1L
SADOLIN,LUXURIO PU GLOSS,,2,DN SADOLIN LUXURIO PU GLOSS 1L
SADOLIN,LUXURIO PU GLOSS,90 BASE,2,DPP-SADOLIN LUXURIOPUGLOSS BAS90 WHT 1L
SADOLIN,LUXURIO PU GLOSS,93 BASE,2,DN SADOLIN LUXURIO PU GLOSS 93 BASE 1L
SADOLIN,LUXURIO PU GLOSS,BLACK,1,DN SADOLIN LUXURIO PU GLOSS BLACK 40L
SADOLIN,LUXURIO PU GLOSS,BRILLIANT WHITE,2,DN SADOLIN LUXURIO PU GLOSS WHITE 1L
SADOLIN,LUXURIO PU MATT,,3,DN SADOLIN LUXURIO PU MATT 1L
SADOLIN,LUXURIO PU MATT,90 BASE,2,DPP-SADOLIN LUXURIOPUMATT BAS90 WHT 1L
SADOLIN,LUXURIO PU MATT,93 BASE,2,DN SADOLIN LUXURIO PU MATT 93 BASE 1L
SADOLIN,LUXURIO PU MATT,BLACK,2,DN SADOLIN LUXURIO PU MATT BLACK 1L
SADOLIN,LUXURIO PU MATT,BRILLIANT WHITE,2,DN SADOLIN LUXURIO PU MATT WHITE 1L
SADOLIN,LUXURIO PU SEALER,,3,DN SADOLIN LUXURIO PU SEALER 1L
SADOLIN,LUXURIO PU SEALER,BRILLIANT WHITE,3,DN SADOLIN LUXURIO PU SEALER WHITE 1L
SADOLIN,MELAMINE THINNER,,3,DN SADOLIN MELAMINE THINNER 1L
SADOLIN,NC CLEAR LACQUER,,3,DN SADOLIN NC CLEAR LACQUER 1L
SADOLIN,NC NECOL,BLACK,1,NC NECOL BLACK 1L
SADOLIN,NC NECOL,BRILLIANT WHITE,2,NC NECOL WHITE 1L
SADOLIN,NC NECOL CLEAR,,2,NC NECOL NC CLEAR 1L
SADOLIN,NC NECOL THINNER,,3,NC NECOL  THINNER 1L
SADOLIN,NC OPAQUE FINISH,,1,DN SADOLIN NC OPAQUE FINISH 4L
SADOLIN,NC SANDING SEALER,,4,DN SADOLIN NC SANDING SEALER 1L
SADOLIN,NC WOOD THINNER,,2,DN SADOLIN NC WOOD THINNER 1L
SADOLIN,OPQ 2K PU GLOSS,BLACK,1,DN SADOLIN OPQ 2KPU GLOSS BLACK 1L
SADOLIN,OPQ 2K PU GLOSS,BRILLIANT WHITE,3,DN SADOLIN OPQ 2KPU GLOSS WHITE 1L
SADOLIN,OPQ 2K PU MATT,BRILLIANT WHITE,3,DN SADOLIN OPQ 2KPU MATT WHITE 1L
SADOLIN,OPQ 2K PU PRIMER SURFACER,BRILLIANT WHITE,3,DN SADOLIN OPQ 2KPU PRIMER SURFACER 1L
SADOLIN,PU PRIME CLEAR SEALER,,3,DN SADOLIN PU PRIME CLEAR SEALER 1L
SADOLIN,PU PRIME GLOSS,90 BASE,3,DN SADOLIN PU PRIME 90 BASE GLOSS 1L
SADOLIN,PU PRIME GLOSS,93 BASE,3,DN SADOLIN PU PRIME 93 BASE GLOSS 1L
SADOLIN,PU PRIME GLOSS,BRILLIANT WHITE,2,DN SADOLIN PU PRIME WHITE GLOSS 1L
SADOLIN,PU PRIME GLOSS CLEAR,,3,DN SADOLIN PU PRIME CLEAR GLOSS 1L
SADOLIN,PU PRIME MATT,90 BASE,3,DN SADOLIN PU PRIME 90 BASE MATT 1L
SADOLIN,PU PRIME MATT,93 BASE,3,DN SADOLIN PU PRIME 93 BASE MATT 1L
SADOLIN,PU PRIME MATT,BRILLIANT WHITE,2,DN SADOLIN PU PRIME WHITE MATT 1L
SADOLIN,PU PRIME MATT CLEAR,,3,DN SADOLIN PU PRIME CLEAR MATT 1L
SADOLIN,PU PRIME THINNER,,3,DN SADOLIN PU PRIME THINNER 1L
SADOLIN,PU PRIME WHITE SEALER,,3,DN SADOLIN PU PRIME WHITE SEALER 1L
SADOLIN,SYNTHETIC CLEAR VARNISH,,4,DN SADOLIN SYNTHETIC CLEAR VARNISH 1L
SADOLIN,WOOD FILLER,BRILLIANT WHITE,2,DN SADOLIN WOOD FILLER WHITE 1KG
SADOLIN,WOOD FILLER,TEAK,1,DN SADOLIN WOOD FILLER TEAK 1KG
SADOLIN,WOOD FILLER,WALNUT,2,DN SADOLIN WOOD FILLER WALNUT 1KG
SADOLIN,WOOD STAIN,CHARCOAL,1,DN SADOLIN WOOD STAIN CHARCOAL 100ML
SADOLIN,WOOD STAIN,ROSEWOOD,1,DN SADOLIN WOOD STAIN ROSEWOOD 1L
SADOLIN,WOOD STAIN,TEAK,1,DN SADOLIN WOOD STAIN TEAK 1L
SADOLIN,WOOD STAIN,WALNUT,1,DN SADOLIN WOOD STAIN WALNUT 500ML
SATIN,SATIN STAY BRIGHT,90 BASE,4,DN SATIN STAY BRIGHT WHITE BASE 10L
SATIN,SATIN STAY BRIGHT,92 BASE,4,DN SATIN STAY BRIGHT INT. BASE 0.9L
SATIN,SATIN STAY BRIGHT,93 BASE,4,DN SAT FIN 93 BASE 9.25L
SATIN,SATIN STAY BRIGHT,94 BASE,3,DN SATIN STAY BRIGHT ACC. BASE 0.9L
SATIN,SATIN STAY BRIGHT,97 BASE,1,DN SAT FIN RED BASE 0.9LT
SATIN,SATIN STAY BRIGHT,BRILLIANT WHITE,4,DN SATIN STAY BRIGHT WHITE 10L
SATIN,SATIN STAY BRIGHT,WALNUT,5,DN SAT FIN WALNUT 10LT
SATIN,SUPER SATIN,90 BASE,5,DN SAT FIN WHITE BASE-NEW 10LT
SATIN,SUPER SATIN,92 BASE,4,DN SAT FIN INTERMEDIATE BASE 0.9 LT
SATIN,SUPER SATIN,93 BASE,3,DN SAT FIN 93 BASE 0.925L
SATIN,SUPER SATIN,94 BASE,4,DN SAT FIN ACCENT BASE 0.9LT
SATIN,SUPER SATIN,96 BASE,2,DN SAT FIN YELLOW BASE 0.9LT
SATIN,SUPER SATIN,97 BASE,1,DN SAT FIN RED BASE 3.6LT
SATIN,SUPER SATIN,BLACK,4,DN SAT FIN BLACK 1LT
SATIN,SUPER SATIN,BRILLIANT WHITE,5,DN SAT FIN WHITE 10L
SATIN,SUPER SATIN,BROWN,4,DN SAT FIN BROWN 1LT
SATIN,SUPER SATIN,MAHOGANY,3,DN SAT FIN MAHOGANY 1LT
SATIN,SUPER SATIN,RICH BROWN,3,"DN SAT FIN RICH BROWN  0,5 LTR"
SATIN,SUPER SATIN,SPECIAL TEAK,3,DN SAT FIN SPECIAL TEAK
SATIN,SUPER SATIN,TEAK,2,DN SAT FIN TEAK 1LT
SATIN,SUPER SATIN,TIMBER GOLDEN BROWN,2,DN SAT FIN TIMBER GOLDEN BROWN 1L
SPRAY PAINT,SR SPRAY PAINT,BLACK,1,DN SR SPRAY PAINT BLACK 400ML
SPRAY PAINT,SR SPRAY PAINT,BRILLIANT WHITE,1,DN SR SPRAY PAINT WHITE 400ML
SPRAY PAINT,SR SPRAY PAINT,BUS GREEN,1,DN SR SPRAY PAINT BUS GREEN 400ML
SPRAY PAINT,SR SPRAY PAINT,DARK BROWN,1,DN SR SPRAY PAINT DARK BROWN 400ML
SPRAY PAINT,SR SPRAY PAINT,DEEP ORANGE,1,DN SR SPRAY PAINT DEEP ORANGE 400ML
SPRAY PAINT,SR SPRAY PAINT,GOLD,1,DN SR SPRAY PAINT GOLD 400ML
SPRAY PAINT,SR SPRAY PAINT,GOLDEN BROWN,1,DN SR SPRAY PAINT GOLDEN BROWN 400ML
SPRAY PAINT,SR SPRAY PAINT,GOLDEN YELLOW,1,DN SR SPRAY PAINT GOLDEN YELLOW 400ML
SPRAY PAINT,SR SPRAY PAINT,PHIROZA,1,DN SR SPRAY PAINT PHIROZA 400ML
SPRAY PAINT,SR SPRAY PAINT,SIGNAL RED,1,DN SR SPRAY PAINT SIGNAL RED 400ML
SPRAY PAINT,SR SPRAY PAINT,SILVER,1,DN SR SPRAY PAINT SILVER 400ML
STAINER,BLACK,BLACK,3,DN Stainer Black 100ML
STAINER,BURNT SIENNA,,3,DN Stainer Burnt Sienna 100ML
STAINER,FAST BLUE,BLUE,3,DN Stainer Fast Blue 100ML
STAINER,FAST GREEN,GREEN,3,DN Stainer Fast Green 100ML
STAINER,FAST ORANGE,ORANGE,3,DN Stainer Fast Orange 100ML
STAINER,FAST RED,RED,3,DN Stainer Fast Red 100 ML
STAINER,FAST VIOLET,,3,DN Stainer Fast Violet 100ML
STAINER,FAST YELLOW,,3,DN Stainer Fast Yellow 100ML
STAINER,FASTYELLOWGREEN,,3,DN Stainer FastYellowGreen 100 ML
STAINER,YELLOW OXIDE,YOX,3,DN Stainer Yellow Oxide 100ML
SUPERCLEAN,3IN1,90 BASE,4,DPP-SCN 3IN1 MARK RESISTANT 90 BASE 10L
SUPERCLEAN,3IN1,92 BASE,4,DPP-SCN 3IN1 MARK RESISTANT 92 BASE 10L
SUPERCLEAN,3IN1,93 BASE,4,DPP-SCN 3in1 Mark resistant 93 Base 10L
SUPERCLEAN,3IN1,94 BASE,4,DN SCN 3IN1 94 BASE 20 L
SUPERCLEAN,3IN1,95 BASE,1,DN SCN 3IN1 DEEP BASE 4L
SUPERCLEAN,3IN1,97 BASE,3,DEL DN SCN 3IN1 97 BASE 10 LT
SUPERCLEAN,3IN1,BRILLIANT WHITE,4,DPP-SCN 3IN1 MARK RESISTANT BR.WHITE10L
SUPERCLEAN,3IN1,PASTEL BASE,2,DN SCN 3IN1 PASTEL BASE 10LT
SUPERCLEAN,3IN1,PRO BASE,1,DN 3IN1 PRO BASE 20LT
SUPERCLEAN,SUPERCLEAN,90 BASE,4,DN SUPERCLEAN NEW 90 BASE 10L
SUPERCLEAN,SUPERCLEAN,92 BASE,4,DN SUPERCLEAN NEW 92 BASE 10L
SUPERCLEAN,SUPERCLEAN,93 BASE,2,DN SuperClean New 93 base 20L
SUPERCLEAN,SUPERCLEAN,94 BASE,3,DN SUPERCLEAN NEW 94 BASE 10L
SUPERCLEAN,SUPERCLEAN,95 BASE,2,DN SUPERCLEAN DEEP 95 BASE 1L
SUPERCLEAN,SUPERCLEAN,96 BASE,2,DN SUPERCLEAN NEW 96 BASE 4L
SUPERCLEAN,SUPERCLEAN,97 BASE,2,DN SUPERCLEAN NEW 97 BASE 1L
SUPERCLEAN,SUPERCLEAN,BRILLIANT WHITE,4,DN SUPERCLEAN NEW BR.WHITE 10L
SUPERCOVER,SUPERCOVER,90 BASE,5,DN SUPERCOVER WHITE BASE 250ML
SUPERCOVER,SUPERCOVER,92 BASE,4,DN SUPERCOVER INTERMEDIATE BASE 250ML
SUPERCOVER,SUPERCOVER,94 BASE,4,DN SUPERCOVER ACCENT BASE 250ML
SUPERCOVER,SUPERCOVER,95 BASE,3,DN SUPERCOVER DEEP BASE 250ML
SUPERCOVER,SUPERCOVER,96 BASE,3,DN SUPERCOVER YELLOW BASE 250ML
SUPERCOVER,SUPERCOVER,97 BASE,3,DN SUPERCOVER RED BASE 250ML
SUPERCOVER,SUPERCOVER,BRILLIANT WHITE,4,DPP-SUPERCOVER ULTRA BR.WHITE 10L
SUPERCOVER,SUPERCOVER SHEEN,90 BASE,1,DN SUPERCOVER SHEEN WHITE BASE 10L
SUPERCOVER,SUPERCOVER SHEEN,92 BASE,2,DN SUPERCOVER SHEEN INTERMEDIATE BASE 1L
SUPERCOVER,SUPERCOVER SHEEN,94 BASE,1,DN SUPERCOVER SHEEN ACCENT BASE 1L
SUPERCOVER,SUPERCOVER SHEEN,BRILLIANT WHITE,2,DN SUPERCOVER SHEEN BRILLIANT WHITE 10L
TEXTURE,VT VELVETINO,GOLD,1,DN VT VELVETINO GOLD BASE 1L
TEXTURE,VT VELVETINO,SILVER,1,DN VT VELVETINO SILVER BASE 1L
TINTER,BLK,BLACK,1,DN BLK/ TINTER BLACK 1L
TINTER,BU1,,1,DN ACOTONE Tinter BU1 COL_IN-SL 1L
TINTER,BU2,,1,DN ACOTONE Tinter BU2 COL_IN-SL 1L
TINTER,FFR,,1,DN FFR/ TINTER FAST FAST RED 1L
TINTER,GR1,,1,DN ACOTONE Tinter GR1 COL_IN-SL 1L
TINTER,GRN,,1,DN GRN/ TINTER GREEN 1L
TINTER,GVA,BLACK,1,DPP-GVA 126 TINTING BLACK 1L
TINTER,GVA,BLUE,1,DPP-GVA 124 BLUE 1L
TINTER,GVA,BRILLIANT WHITE,1,DPP-GVA 147 WHITE 1L
TINTER,GVA,FAST RED,1,DPP-GVA 322 FAST RED 1L
TINTER,GVA,GREEN,1,DPP-GVA 149 GREEN 1L
TINTER,GVA,ORGANIC LEMON YELLOW,1,DPP- GVA 146 Organic Lemon Yellow 1L
TINTER,GVA,ORGANIC MIDDLE YELLOW,1,DPP-GVA 145 ORGANIC MIDDLE YELLOW 1L
TINTER,GVA,ORGANIC ORANGE,1,DPP-GVA 140 ORGANIC ORANGE 1L
TINTER,GVA,ORGANIC RED VIOLET,1,DPP-GVA 480 ORGANIC RED VIOLET 1L
TINTER,GVA,ORGANIC VIOLET,1,DPP-GVA 142 ORGANIC VIOLET 1L
TINTER,GVA,RED OXIDE,1,DPP-GVA 122 RED OXIDE 1L
TINTER,GVA,YELLOW OXIDE,1,DPP-GVA 127 YELLOW OXIDE 1L
TINTER,LFY,,1,DN LFY/ TINTER LIGHT FAST YELLOW 1LT
TINTER,MA1,,1,DN ACOTONE Tinter MA1 COL_IN-SL 1L
TINTER,MAG,,1,DN MAG / TINTER MAGENTA 1L
TINTER,NO1,,1,DN ACOTONE Tinter NO1 COL_IN-SL 1L
TINTER,NO2,,1,DN ACOTONE Tinter NO2 COL_IN-SL 1L
TINTER,OR1,,1,DN ACOTONE Tinter OR1 COL_IN-SL 1L
TINTER,OXR,,1,DN OXR/ TINTER RED OXIDE 1LT
TINTER,RE1,,1,DN ACOTONE Tinter RE1 COL_IN-SL 1L
TINTER,RE2,,1,DN ACOTONE Tinter RE2 COL_IN-SL 1L
TINTER,TBL,,1,DN TBL/ TINTER PTHALO BLUE 1L
TINTER,WH1,,1,DN ACOTONE Tinter WH1 COL_IN-SL 1L
TINTER,WHT,WHITE,1,DN WHT/ TINTER WHITE 1LT
TINTER,XR1,,1,DN ACOTONE Tinter XR1 COL_IN-SL 1L
TINTER,XY1,,1,DN ACOTONE Tinter XY1 COL_IN-SL 1L
TINTER,YE1,,1,DN ACOTONE Tinter YE1 COL_IN-SL 1L
TINTER,YE2,,1,DN ACOTONE Tinter YE2 COL_IN-SL 1L
TINTER,YOX,YOX,1,DN YOX/ TINTER YELLOW OXIDE 1LT
TOOLS,BRUSH,,2,"DULUX SMART BRUSH DOUBLE 3"""
TOOLS,ROLLER,,4,"DULUX SIGNATURE FOAM INT ROLLER 6"""
VT,AMBIANCE,92 BASE,1,DN AMBIANCE VT INT BASE 4L
VT,AMBIANCE,94 BASE,1,DN AMBIANCE VT ACCENT BASE 4L
VT,DIAMOND GLO,90 BASE,4,DN VT DIAMOND 90 BASE 10L
VT,DIAMOND GLO,92 BASE,6,DN VT DIAMOND 92 BASE 10L
VT,DIAMOND GLO,93 BASE,1,DN VT DIAMOND GLO 93 BASE .925L
VT,DIAMOND GLO,94 BASE,6,DN VT DIAMOND 94 BASE 10L
VT,DIAMOND GLO,95 BASE,3,DN VT DIAMOND GLO NEW DEEP BASE 0.9L
VT,DIAMOND GLO,96 BASE,2,DN VT DIAMOND GLO YELLOW BASE 0.9L
VT,DIAMOND GLO,97 BASE,2,DN VT DIAMOND GLO RED BASE 0.9L
VT,DIAMOND GLO,BRILLIANT WHITE,5,DN VT DIAMOND WHITE 10L
VT,ETERNA,,1,ET ETERNA PU CLEAR 1LT
VT,ETERNA,90 BASE,5,DN VT ETERNA WHITE/90 BASE 10L
VT,ETERNA,92 BASE,5,DN VT ETERNA 92 BASE 0.975L
VT,ETERNA,93 BASE,4,DN VT ETERNA 93 BASE .925L
VT,ETERNA,94 BASE,2,DN VT ETERNA 94 BASE 0.9LTR
VT,ETERNA,BASECOAT,4,DN VT BASECOAT 10L
VT,ETERNA HI-SHEEN,90 BASE,4,Dulux VT Eterna Hi-Sheen 90 base 10L
VT,ETERNA HI-SHEEN,92 BASE,4,Dulux VT Eterna Hi-Sheen 92 base 10L
VT,ETERNA HI-SHEEN,93 BASE,4,Dulux VT Eterna Hi-Sheen 93 base 10L
VT,ETERNA HI-SHEEN,BRILLIANT WHITE,4,Dulux VT Eterna Hi-Sheen White 10L
VT,ETERNA MATT,92 BASE,3,DN VT ETERNA MATT 92 BASE .975L
VT,ETERNA MATT,94 BASE,2,DN VT ETERNA MATT 94 BASE .9L
VT,ETERNA MATT,BRILLIANT WHITE,4,DN VT ETERNA MATT WHT/90 BASE 10L
VT,LUXURY FINISHES,CLAY,3,VT Luxury Finishes - Clay 10KG
VT,LUXURY FINISHES,LIME WASH,4,VT Luxury Finishes - Lime Wash 10L
VT,LUXURY FINISHES,MARMORINO,3,VT Luxury Finishes - Marmorino 10KG
VT,PEARL GLO,,1,DP PEARL RED SE 1L
VT,PEARL GLO,90 BASE,5,DN VT PEARL GLO NEW WHITE BASE 10L
VT,PEARL GLO,92 BASE,5,DN VT PEARL GLO NEW INT BASE 0.9 L
VT,PEARL GLO,93 BASE,2,DN VT PEARL GLO 93 BASE 1L
VT,PEARL GLO,94 BASE,6,DN VT PEARL GLO ACCENT BASE 18L
VT,PEARL GLO,95 BASE,5,DN VT PEARL GLO NEW DEEP BASE 0.9L
VT,PEARL GLO,96 BASE,3,DN VT PEARL GLO NEW YELLOW BASE 0.9L
VT,PEARL GLO,97 BASE,3,DN VT PEARL GLO 97 BASE SAMPLER 200ML
VT,PEARL GLO,BRILLIANT WHITE,4,DN VT PEARL GLO NEW BRIL WHITE 10L
VT,PEARL GLO,PASTEL BASE,2,DN VT PG PASTEL BASE 1LT
VT,PEARL GLO,RARE PEARL COPPER,3,DN VT Rare Pearl Copper Base 10L
VT,PEARL GLO,RARE PEARL GREEN,3,DN VT Rare Pearl Green Base 10L
VT,PLATINUM GLO,90 BASE,4,DN VT PLATINUM GLO WHITE BASE 10L
VT,PLATINUM GLO,92 BASE,4,DN VT PLATINUM GLO NEW INT BASE 0.975L
VT,PLATINUM GLO,93 BASE,2,DN VT PLATINUM GLO 93 BASE .925L
VT,PLATINUM GLO,94 BASE,3,DN VT PLATINUM GLO ACCENT BASE 10L
VT,PLATINUM GLO,95 BASE,2,DN VT PLATINUM GLO DEEP BASE 0.9L
VT,PLATINUM GLO,96 BASE,2,DN VT PLATINUM GLO YELLOW BASE 0.9L
VT,PLATINUM GLO,97 BASE,2,DN VT PLATINUM GLO RED BASE 0.9L
VT,PLATINUM GLO,BRILLIANT WHITE,4,DN VT PLATINUM GLO WHITE  1L
VT,VAF,,3,DN VAF METALLIC - GOLD 1L
VT,VT CLEAR COAT,,1,DN VT CLEAR COAT MATT 1L
VT,VT CONCRETE FINISH,,4,DN VT Concrete Finish 10kg
VT,VT FIN,,1,DN VT FIN 1L
VT,VT FIN,GOLD,2,DN VT FIN Gold 1LTR
VT,VT FIN,SILVER,2,DN VT FIN Silver 1LTR
VT,VT MARBLE,,1,DN VT Marble 5kg
VT,VT METALLICS,GOLD,1,VT Metallics gold 200ML
VT,VT METALLICS,SILVER,1,VT Metallics Silver 200ML
WEATHERCOAT,MAX,93 BASE,2,DN WS MAX 10YR 93 BASE 1L
WEATHERCOAT,MAX,94 BASE,2,DN WS MAX ACCENT BASE 0.9L
WEATHERCOAT,MAX,95 BASE,4,DN WS MAX 10YR 95 BASE 10L
WEATHERCOAT,MAX,96 BASE,1,DN WS MAX 10YR 96 BASE 4L
WEATHERCOAT,MAX,97 BASE,3,DN WS MAX 10YR 97 BASE 10L
WEATHERCOAT,MAX,98 BASE,4,DN WS MAX 10YR 98 BASE 10L
WEATHERCOAT,MAX,BRILLIANT WHITE,5,DN WS MAX 10YR BR WHITE 10L
WEATHERCOAT,MAX,ROX,1,DN WS MAX ROX 0.9LT
WEATHERCOAT,MAX,YELLOW BASE,1,DN WS MAX YOX 18L
WEATHERCOAT,POWERFLEXX,90 BASE,4,DN WS PF 15YR 90 BASE 10L
WEATHERCOAT,POWERFLEXX,92 BASE,5,DN WS PF 15YR 92 BASE 10L
WEATHERCOAT,POWERFLEXX,93 BASE,1,DN WS PF 15YR 93 BASE 4L
WEATHERCOAT,POWERFLEXX,94 BASE,4,DN WS PF 15YR 94 BASE 10L
WEATHERCOAT,POWERFLEXX,95 BASE,2,DN WS PF 15YR 95 BASE 1L
WEATHERCOAT,POWERFLEXX,96 BASE,3,DN WS PF 15YR 96 BASE 1L
WEATHERCOAT,POWERFLEXX,97 BASE,4,DN WS PF 15YR 97 BASE 10L
WEATHERCOAT,POWERFLEXX,BRILLIANT WHITE,4,DN WS PF 15YR BR WHITE 10L
WEATHERCOAT,PROTECT,,1,DN WS CLEAR 20LT
WEATHERCOAT,PROTECT,92 BASE,3,DN WS INTERMEDIATE BASE 200ML
WEATHERCOAT,PROTECT,94 BASE,3,DN WS  PROTECT DUSTPROOF 94 BASE 0.9LTR
WEATHERCOAT,PROTECT,95 BASE,2,DN WS PROTECT DEEP BASE 0.9L
WEATHERCOAT,PROTECT,97 BASE,1,DN WS  PROTECT DUSTPROOF 97 BASE 18L
WEATHERCOAT,PROTECT,98 BASE,1,DN WS  PROTECT DUSTPROOF 98 BASE 3.6L
WEATHERCOAT,PROTECT,ROX,2,DN WS PROTECT ROX 3.6L
WEATHERCOAT,PROTECT,YELLOW BASE,6,DN WS PROTECT VIBRANT YELLOW BASE 0.9L
WEATHERCOAT,PROTECT RAINPROOF,90 BASE,4,DN WS RP 8YR 90 BASE 10L
WEATHERCOAT,PROTECT RAINPROOF,92 BASE,3,DN WS RP 8YR 92 BASE 1L
WEATHERCOAT,PROTECT RAINPROOF,93 BASE,1,DN WS PROTECT RAINPROOF 93 BASE 0.925L
WEATHERCOAT,PROTECT RAINPROOF,BRILLIANT WHITE,1,DN WS RP 8YR BR WHITE 20L
WEATHERCOAT,TEXTURE,92 BASE,1,DN WS TEX MATT INTERMEDIATE BAS 18L
WEATHERCOAT,TEXTURE,BLACK,1,PS WS CREATION STNTEX ST127 BLACK 30 KG
WEATHERCOAT,TEXTURE,BRILLIANT WHITE,1,DN WS TEX MATT WHITE BASE 18L
WEATHERCOAT,WS ELASTOMERIC,92 BASE,1,WS PU ELASTOMERIC INT BASE(92) 20LTR
WEATHERCOAT,WS ELASTOMERIC,94 BASE,1,WS PU ELASTOMERIC ACCENT BASE(94) 20LTR
WEATHERCOAT,WS ELASTOMERIC,95 BASE,1,WS PU ELASTOMERIC DEEP BASE(95) 20LTR
WEATHERCOAT,WS ELASTOMERIC,97 BASE,1,WS PU ELASTOMERIC ROX BASE(97) 20LTR
WEATHERCOAT,WS ELASTOMERIC,BRILLIANT WHITE,2,WS PU ELASTOMERIC BRL WHITE 20LTR
WEATHERCOAT,WS FLASH,92 BASE,1,DN WS FLASH INTERMEDIATE BASE 18L
WEATHERCOAT,WS FLASH,BRILLIANT WHITE,2,DN WS FLASH BRILLIANT WHITE 10L
WEATHERCOAT,WS PRIMA E900,90 BASE,1,WS PRIMA E900 90 BAS 1 LTR SMPLR
WEATHERCOAT,WS PRIMA E900,92 BASE,2,WS PRIMA E900 92 BAS 1 LTR SMPLR
WEATHERCOAT,WS PRIMA E900,93 BASE,1,WS PRIMA E900 93 BASE 0.925L
WEATHERCOAT,WS PRIMA E900,94 BASE,2,WS PRIMA E900 94 BASE 0.9L
WEATHERCOAT,WS PRIMA E900,97 BASE,1,WS PRIMA E900 ROX(97) 20L
WEATHERCOAT,WS PRIMA E900,BRILLIANT WHITE,3,WS PRIMA E900 BRILLIANT WHITE 20L
WEATHERCOAT,WS PROJECT,92 BASE,1,DN WS PROJ INTERMEDIATE BASE 18LT
WEATHERCOAT,WS PROJECT,94 BASE,1,DN WS PROJ ACCENT BASE 18LT
WEATHERCOAT,WS PROJECT,BRILLIANT WHITE,2,DN WS PROJ BRILLIANT WHITE 20LT
WEATHERCOAT,WS PROJECT,ROX,1,DN WS PROJ RED BASE 18LT
WEATHERCOAT,WS PROJECT,YELLOW BASE,1,DN WS PROJ YELLOW BASE 18LT
WEATHERCOAT,WS TR E2000,90 BASE,1,WS TR E2000 90 BASE 20L
WEATHERCOAT,WS TR E2000,92 BASE,1,WS TR E2000 92 BASE 20LTR
WEATHERCOAT,WS TR E2000,93 BASE,1,WS TR E2000 93 BASE 20L
WEATHERCOAT,WS TR E2000,BRILLIANT WHITE,1,WS TR E2000 BRILLIANT WHITE 20L
WEATHERCOAT,WS ULTRACLEAN,92 BASE,1,DNWS ULTRACLEAN HIGHSHEEN INTRMDT BA18L
WS,HISHEEN,90 BASE,4,DN WS  Protect Dust Hi-Sheen 90 10L
WS,HISHEEN,92 BASE,4,DN WS  Protect Dust Hi-Sheen92 10L
WS,HISHEEN,93 BASE,4,DN WS  Protect Dust Hi-Sheen93 10L
WS,HISHEEN,BRILLIANT WHITE,4,DN WS  Protect Dust Hi-SheenBr.White 10L
WS,MAX,90 BASE,6,DN WS MAX 10YR 90 BASE 10L
WS,MAX,92 BASE,8,DN WS Max 10yr 92 Base 10L
WS,MAX,93 BASE,3,DN WS MAX 93 BASE 0.925L
WS,MAX,94 BASE,4,DN WS MAX 10YR 94 BASE 10L
WS,MAX,95 BASE,4,DN WS MAX 10YR 95 BASE 1L
WS,MAX,96 BASE,4,DN WS MAX 10YR 96 BASE 10L
WS,MAX,97 BASE,5,DN WS Max 10yr 97 Base 20L
WS,MAX,98 BASE,4,DN WS MAX 98 VIBRANT YELLOW BASE 1L
WS,MAX,BRILLIANT WHITE,4,DN WS MAX 10YR BR WHITE 20L
WS,MAX,PASTEL BASE,3,DN WS MAX PASTEL BASE 10LT
WS,MAX,RED OXIDE,3,DN WS MAX ROX 10L
WS,MAX,YELLOW OXIDE,2,DN WS MAX YOX 18L
WS,POWERFLEXX,90 BASE,4,DN WS POWERFLEXX 90 BASE 1L
WS,POWERFLEXX,92 BASE,4,DN WS POWERFLEXX 92 BASE 0.9L
WS,POWERFLEXX,93 BASE,3,DN WS POWERFLEXX 93 BASE 0.925L
WS,POWERFLEXX,94 BASE,4,DN WS POWERFLEXX 94 BASE 0.9L
WS,POWERFLEXX,95 BASE,4,DN WS POWERFLEXX 95 BASE 0.9L
WS,POWERFLEXX,96 BASE,4,DN WS Powerflexx 96 Base 0.9L
WS,POWERFLEXX,97 BASE,4,DN WS POWERFLEXX 97 BASE 0.9L
WS,POWERFLEXX,98 BASE,4,DN WS POWERFLEXX 98 BASE 0.9L
WS,POWERFLEXX,BRILLIANT WHITE,4,DN WS POWERFLEXX WHITE 10L
WS,PROTECT,90 BASE,4,DN WS  PROTECT DUSTPROOF 90 BASE 10L
WS,PROTECT,92 BASE,4,DN WS  PROTECT DUSTPROOF 92 BASE 0.9LTR
WS,PROTECT,93 BASE,4,DN WS  PROTECT DUSTPROOF 93 BASE 0.9LTR
WS,PROTECT,94 BASE,4,DN WS  PROTECT DUSTPROOF 94 BASE 0.9LTR
WS,PROTECT,95 BASE,4,DN WS  PROTECT DUSTPROOF 95 BASE 18L
WS,PROTECT,96 BASE,4,DN WS  PROTECT DUSTPROOF 96 BASE 0.9L
WS,PROTECT,97 BASE,3,DN WS  PROTECT DUSTPROOF 97 BASE 0.9L
WS,PROTECT,98 BASE,4,DN WS  PROTECT DUSTPROOF 98 BASE 0.9L
WS,PROTECT,BRILLIANT WHITE,4,DN WS  PROTECT DUSTPROOF BR.WHITE 10L
WS,PROTECT,ELECTRIC BLUE PLUS,2,DN WS PROTECT ELECTRIC BLUE PLUS 1L
WS,PROTECT,PO RED,2,DN WS PROTECT PO RED 1L
WS,PROTECT,RED OXIDE,2,DN WS PROTECT ROX .9L
WS,PROTECT,SIGNAL RED,2,DN WS PROTECT SIGNAL RED  1L
WS,PROTECT,SUNRISE,2,DN WS PROTECT SUNRISE  1L
WS,PROTECT,TERACOTTA,2,DN WS PROTECT TERACOTTA  1L
WS,PROTECT,YELLOW OXIDE,3,DN WS PROTECT YOX 0.9L
WS,PROTECT RAINPROOF,90 BASE,4,DN WS PROTECT RAINPROOF WHITE BASE 10L
WS,PROTECT RAINPROOF,92 BASE,4,DN WS PROTECT RAINPROOF 92 BASE 0.9L
WS,PROTECT RAINPROOF,93 BASE,3,DN WS PROTECT RAINPROOF 93 BASE 18.5L
WS,PROTECT RAINPROOF,94 BASE,4,DN WS PROTECT RAINPROOF ACCENT BASE 0.9L
WS,PROTECT RAINPROOF,95 BASE,4,DN WS PROTECT RAINPROOF DEEP BASE 0.9L
WS,PROTECT RAINPROOF,96 BASE,4,DN WS PROTECT RAINPROOF YOX 0.9L
WS,PROTECT RAINPROOF,97 BASE,4,DN WS PROTECT RAINPROOF ROX BASE 0.9L
WS,PROTECT RAINPROOF,BRILLIANT WHITE,4,DN WS PROTECT RAINPROOF BR WHITE 10L
WS,TEXTURE,90 BASE,1,DN WS Texture Rustic 90 25kg Retail
WS,TEXTURE,94 BASE,1,DN WS Texture Rustic 94 25Kg Retail
WS,TILE,,4,DN WS TILE BASE .9 L
WS,TILE,YELLOW BASE,4,DN WS TILE YELLOW BASE .9 L