proposedFamily,proposedTab,tabSeq,proposedBrandLine,brandSeq,proposedProduct,proposedBase,proposedDisplayName,proposedSearchTokens,material,description,pack,isPrimary,currentHydration,note
SADOLIN,Gloss,1,1K PU,1,1K PU GLOSS,Clear,1K PU Gloss,"1K PU,1KPU,SADOLIN,WOODCARE,GLOSS",IN20109671,DN SADOLIN INT CLR 1K PU GLOSS 4L,4L,true,OK,
SADOLIN,Gloss,1,1K PU,1,1K PU GLOSS,Clear,1K PU Gloss,"1K PU,1KPU,SADOLIN,WOODCARE,GLOSS",IN20109672,DN SADOLIN INT CLR 1K PU GLOSS 1L,1L,true,OK,
SADOLIN,Gloss,1,1K PU,1,1K PU GLOSS,Clear,1K PU Gloss,"1K PU,1KPU,SADOLIN,WOODCARE,GLOSS",IN20109673,DN SADOLIN INT CLR 1K PU GLOSS 500ML,500ML,true,HIDDEN,FIX unit L->ML (500ML)
SADOLIN,Gloss,1,2K PU,2,2K PU GLOSS,90 Base,2K Pu Gloss - 90 Base,"2K PU GLOSS,2KPU,SADOLIN,WOODCARE,90 BASE",5841673,DPP-SADOLIN 2KPU GLOSS BAS90 WHT 1L,1L,true,CROSS-LINK,
SADOLIN,Gloss,1,2K PU,2,2K PU GLOSS,90 Base,2K Pu Gloss - 90 Base,"2K PU GLOSS,2KPU,SADOLIN,WOODCARE,90 BASE",5841674,DPP-SADOLIN 2KPU GLOSS BAS90 WHT 4L,4L,true,CROSS-LINK,
SADOLIN,Gloss,1,2K PU,2,2K PU GLOSS,90 Base,2K Pu Gloss - 90 Base,"2K PU GLOSS,2KPU,SADOLIN,WOODCARE,90 BASE",5841675,DPP-SADOLIN 2KPU GLOSS BAS90 WHT 20L,20L,true,CROSS-LINK,
SADOLIN,Gloss,1,2K PU,2,2K PU GLOSS,93 Base,2K Pu Gloss - 93 Base,"2K PU GLOSS,2KPU,SADOLIN,WOODCARE,93 BASE",5841679,DN SADOLIN 2KPU GLOSS 93 BASE 1L,1L,true,CROSS-LINK,
SADOLIN,Gloss,1,2K PU,2,2K PU GLOSS,93 Base,2K Pu Gloss - 93 Base,"2K PU GLOSS,2KPU,SADOLIN,WOODCARE,93 BASE",5841680,DN SADOLIN 2KPU GLOSS 93 BASE 4L,4L,true,CROSS-LINK,
SADOLIN,Gloss,1,2K PU,2,2K PU GLOSS,93 Base,2K Pu Gloss - 93 Base,"2K PU GLOSS,2KPU,SADOLIN,WOODCARE,93 BASE",5841681,DPP-SADOLIN 2KPU GLOSS BAS93 CLR 20L,20L,true,CROSS-LINK,
SADOLIN,Gloss,1,2K PU,2,2K PU GLOSS,Exterior Clear,2K Pu Gloss - Exterior Clear,"2K PU GLOSS,2KPU,SADOLIN,WOODCARE,EXTERIOR CLEAR",IN35201371,DN SADOLIN EXTERIOR CLR 2KPU GLOSS 4L,4L,true,CROSS-LINK,
SADOLIN,Gloss,1,2K PU,2,2K PU GLOSS,Exterior Clear,2K Pu Gloss - Exterior Clear,"2K PU GLOSS,2KPU,SADOLIN,WOODCARE,EXTERIOR CLEAR",IN35201372,DN SADOLIN EXTERIOR CLR 2KPU GLOSS 1L,1L,true,CROSS-LINK,
SADOLIN,Gloss,1,2K PU,2,2K PU GLOSS,Exterior Clear,2K Pu Gloss - Exterior Clear,"2K PU GLOSS,2KPU,SADOLIN,WOODCARE,EXTERIOR CLEAR",IN35201381,DN SADOLIN EXTERIOR CLR 2KPU GLOSS 20L,20L,true,CROSS-LINK,
SADOLIN,Gloss,1,2K PU,2,2K PU GLOSS,Interior Clear,2K Pu Gloss - Interior Clear,"2K PU GLOSS,2KPU,SADOLIN,WOODCARE,INTERIOR CLEAR",IN35201171,DN SADOLIN INTERIOR CLR 2KPU GLOSS 4L,4L,true,CROSS-LINK,
SADOLIN,Gloss,1,2K PU,2,2K PU GLOSS,Interior Clear,2K Pu Gloss - Interior Clear,"2K PU GLOSS,2KPU,SADOLIN,WOODCARE,INTERIOR CLEAR",IN35201172,DN SADOLIN INTERIOR CLR 2KPU GLOSS 1L,1L,true,CROSS-LINK,
SADOLIN,Gloss,1,2K PU,2,2K PU GLOSS,Interior Clear,2K Pu Gloss - Interior Clear,"2K PU GLOSS,2KPU,SADOLIN,WOODCARE,INTERIOR CLEAR",IN35201181,DN SADOLIN INTERIOR CLR 2KPU GLOSS 20L,20L,true,CROSS-LINK,
SADOLIN,Gloss,1,2K PU,2,2K PU GLOSS,Opaque Black,2K Pu Gloss - Opaque Black,"2K PU GLOSS,2KPU,SADOLIN,WOODCARE,OPAQUE BLACK",IN35201972,DN SADOLIN OPQ 2KPU GLOSS BLACK 1L,1L,true,CROSS-LINK,
SADOLIN,Gloss,1,2K PU,2,2K PU GLOSS,Opaque White,2K Pu Gloss - Opaque White,"2K PU GLOSS,2KPU,SADOLIN,WOODCARE,OPAQUE WHITE",IN35201771,DN SADOLIN OPQ 2KPU GLOSS WHITE 4L,4L,true,CROSS-LINK,
SADOLIN,Gloss,1,2K PU,2,2K PU GLOSS,Opaque White,2K Pu Gloss - Opaque White,"2K PU GLOSS,2KPU,SADOLIN,WOODCARE,OPAQUE WHITE",IN35201772,DN SADOLIN OPQ 2KPU GLOSS WHITE 1L,1L,true,CROSS-LINK,
SADOLIN,Gloss,1,2K PU,2,2K PU GLOSS,Opaque White,2K Pu Gloss - Opaque White,"2K PU GLOSS,2KPU,SADOLIN,WOODCARE,OPAQUE WHITE",IN35201781,DN SADOLIN OPQ 2KPU GLOSS WHITE 20L,20L,true,CROSS-LINK,
SADOLIN,Gloss,1,HYDRO PU,3,HYDRO PU GLOSS,Interior Clear,Hydro PU Gloss - Interior Clear,"HYDRO PU GLOSS,HYDRO PU,WATERBASED PU,WATER BASED,SADOLIN,WOODCARE,G80,INTERIOR",5746642,DN SADOLIN HYDRO PU INT G80 GLOSS 1L,1L,TRUE,NEW (not in DB yet),NEW SKU - insert into stock
SADOLIN,Gloss,1,HYDRO PU,3,HYDRO PU GLOSS,Interior Clear,Hydro PU Gloss - Interior Clear,"HYDRO PU GLOSS,HYDRO PU,WATERBASED PU,WATER BASED,SADOLIN,WOODCARE,G80,INTERIOR",5746643,DN SADOLIN HYDRO PU INT G80 GLOSS 4L,4L,TRUE,NEW (not in DB yet),NEW SKU - insert into stock
SADOLIN,Gloss,1,PU PRIME,4,PU PRIME GLOSS,90 Base,Pu Prime Gloss - 90 Base,"PU PRIME GLOSS,PUPRIME,SADOLIN,WOODCARE,90 BASE",5841326,DN SADOLIN PU PRIME 90 BASE GLOSS 1L,1L,true,CROSS-LINK,
SADOLIN,Gloss,1,PU PRIME,4,PU PRIME GLOSS,90 Base,Pu Prime Gloss - 90 Base,"PU PRIME GLOSS,PUPRIME,SADOLIN,WOODCARE,90 BASE",5841327,DPP-SADOLIN PU PRIME GLOSS BAS 90 WHT 4L,4L,true,CROSS-LINK,
SADOLIN,Gloss,1,PU PRIME,4,PU PRIME GLOSS,90 Base,Pu Prime Gloss - 90 Base,"PU PRIME GLOSS,PUPRIME,SADOLIN,WOODCARE,90 BASE",5841498,DN SADOLIN PU PRIME 90 BASE GLOSS 20L,20L,true,CROSS-LINK,
SADOLIN,Gloss,1,PU PRIME,4,PU PRIME GLOSS,93 Base,Pu Prime Gloss - 93 Base,"PU PRIME GLOSS,PUPRIME,SADOLIN,WOODCARE,93 BASE",5841502,DN SADOLIN PU PRIME 93 BASE GLOSS 1L,1L,true,CROSS-LINK,
SADOLIN,Gloss,1,PU PRIME,4,PU PRIME GLOSS,93 Base,Pu Prime Gloss - 93 Base,"PU PRIME GLOSS,PUPRIME,SADOLIN,WOODCARE,93 BASE",5841503,DN SADOLIN PU PRIME GLOSS 93 BASE 4L,4L,true,CROSS-LINK,
SADOLIN,Gloss,1,PU PRIME,4,PU PRIME GLOSS,93 Base,Pu Prime Gloss - 93 Base,"PU PRIME GLOSS,PUPRIME,SADOLIN,WOODCARE,93 BASE",5841504,DN SADOLIN PU PRIME 93 BASE GLOSS 20L,20L,true,CROSS-LINK,
SADOLIN,Gloss,1,PU PRIME,4,PU PRIME GLOSS,Clear,Pu Prime Gloss - Clear,"PU PRIME GLOSS,PUPRIME,SADOLIN,WOODCARE,CLEAR",5826209,DN SADOLIN PU PRIME CLEAR GLOSS 1L,1L,true,CROSS-LINK,
SADOLIN,Gloss,1,PU PRIME,4,PU PRIME GLOSS,Clear,Pu Prime Gloss - Clear,"PU PRIME GLOSS,PUPRIME,SADOLIN,WOODCARE,CLEAR",5826210,DN SADOLIN PU PRIME CLEAR GLOSS 4L,4L,true,CROSS-LINK,
SADOLIN,Gloss,1,PU PRIME,4,PU PRIME GLOSS,Clear,Pu Prime Gloss - Clear,"PU PRIME GLOSS,PUPRIME,SADOLIN,WOODCARE,CLEAR",5826211,DN SADOLIN PU PRIME CLEAR GLOSS 20L,20L,true,CROSS-LINK,
SADOLIN,Gloss,1,PU PRIME,4,PU PRIME GLOSS,White,Pu Prime Gloss - White,"PU PRIME GLOSS,PUPRIME,SADOLIN,WOODCARE,WHITE",5826215,DN SADOLIN PU PRIME WHITE GLOSS 1L,1L,true,CROSS-LINK,
SADOLIN,Gloss,1,PU PRIME,4,PU PRIME GLOSS,White,Pu Prime Gloss - White,"PU PRIME GLOSS,PUPRIME,SADOLIN,WOODCARE,WHITE",5826216,DN SADOLIN PU PRIME WHITE GLOSS 4L,4L,true,CROSS-LINK,
SADOLIN,Gloss,1,LUXURIO,5,LUXURIO GLOSS,90 Base,Luxurio Gloss - 90 Base,"LUXURIO GLOSS,LUXURIO,SADOLIN,WOODCARE,90 BASE",5841511,DPP-SADOLIN LUXURIOPUGLOSS BAS90 WHT 1L,1L,true,CROSS-LINK,
SADOLIN,Gloss,1,LUXURIO,5,LUXURIO GLOSS,90 Base,Luxurio Gloss - 90 Base,"LUXURIO GLOSS,LUXURIO,SADOLIN,WOODCARE,90 BASE",5841512,DPP-SADOLIN LUXURIOPUGLOSS BAS90 WHT 4L,4L,true,CROSS-LINK,
SADOLIN,Gloss,1,LUXURIO,5,LUXURIO GLOSS,93 Base,Luxurio Gloss - 93 Base,"LUXURIO GLOSS,LUXURIO,SADOLIN,WOODCARE,93 BASE",5841517,DN SADOLIN LUXURIO PU GLOSS 93 BASE 1L,1L,true,CROSS-LINK,
SADOLIN,Gloss,1,LUXURIO,5,LUXURIO GLOSS,93 Base,Luxurio Gloss - 93 Base,"LUXURIO GLOSS,LUXURIO,SADOLIN,WOODCARE,93 BASE",5841668,DN SADOLIN LUXURIO PU GLOSS 93 BASE 4L,4L,true,CROSS-LINK,
SADOLIN,Gloss,1,LUXURIO,5,LUXURIO GLOSS,Black,Luxurio Gloss - Black,"LUXURIO GLOSS,LUXURIO,SADOLIN,WOODCARE,BLACK",5794055,DN SADOLIN LUXURIO PU GLOSS BLACK 40L,40L,true,CROSS-LINK,
SADOLIN,Gloss,1,LUXURIO,5,LUXURIO GLOSS,Clear,Luxurio Gloss - Clear,"LUXURIO GLOSS,LUXURIO,SADOLIN,WOODCARE,CLEAR",5600828,DN SADOLIN LUXURIO PU GLOSS 1L,1L,true,CROSS-LINK,
SADOLIN,Gloss,1,LUXURIO,5,LUXURIO GLOSS,Clear,Luxurio Gloss - Clear,"LUXURIO GLOSS,LUXURIO,SADOLIN,WOODCARE,CLEAR",5600831,DN SADOLIN LUXURIO PU GLOSS 4L,4L,true,CROSS-LINK,
SADOLIN,Gloss,1,LUXURIO,5,LUXURIO GLOSS,White,Luxurio Gloss - White,"LUXURIO GLOSS,LUXURIO,SADOLIN,WOODCARE,WHITE",5794044,DN SADOLIN LUXURIO PU GLOSS WHITE 1L,1L,true,CROSS-LINK,
SADOLIN,Gloss,1,LUXURIO,5,LUXURIO GLOSS,White,Luxurio Gloss - White,"LUXURIO GLOSS,LUXURIO,SADOLIN,WOODCARE,WHITE",5794046,DN SADOLIN LUXURIO PU GLOSS WHITE 40L,40L,true,CROSS-LINK,
SADOLIN,Gloss,1,MELAMINE,6,MELAMINE GLOSS,Clear,Melamine Gloss - Clear,"MELAMINE GLOSS,SADOLIN,WOODCARE",IN35200571,DN SADOLIN INT CLR MELAMINE GLOSS 4L,4L,true,OK,
SADOLIN,Gloss,1,MELAMINE,6,MELAMINE GLOSS,Clear,Melamine Gloss - Clear,"MELAMINE GLOSS,SADOLIN,WOODCARE",IN35200572,DN SADOLIN INT CLR MELAMINE GLOSS 1L,1L,true,OK,
SADOLIN,Gloss,1,MELAMINE,6,MELAMINE GLOSS,Clear,Melamine Gloss - Clear,"MELAMINE GLOSS,SADOLIN,WOODCARE",IN35200581,DN SADOLIN INT CLR MELAMINE GLOSS 20L,20L,true,OK,
SADOLIN,Matt,2,2K PU,2,2K PU MATT,90 Base,2K Pu Matt - 90 Base,"2K PU MATT,2KPU,SADOLIN,WOODCARE,90 BASE",5841676,DPP-SADOLIN 2KPU MATT BAS90 WHT 1L,1L,true,POOLED,
SADOLIN,Matt,2,2K PU,2,2K PU MATT,90 Base,2K Pu Matt - 90 Base,"2K PU MATT,2KPU,SADOLIN,WOODCARE,90 BASE",5841677,DPP-SADOLIN 2KPU MATT BAS90 WHT 4L,4L,true,POOLED,
SADOLIN,Matt,2,2K PU,2,2K PU MATT,90 Base,2K Pu Matt - 90 Base,"2K PU MATT,2KPU,SADOLIN,WOODCARE,90 BASE",5841678,DPP-SADOLIN 2KPU MATT BAS90 WHT 20L,20L,true,POOLED,
SADOLIN,Matt,2,2K PU,2,2K PU MATT,93 Base,2K Pu Matt - 93 Base,"2K PU MATT,2KPU,SADOLIN,WOODCARE,93 BASE",5841682,DN SADOLIN 2KPU MATT 93 BASE 1L,1L,true,POOLED,
SADOLIN,Matt,2,2K PU,2,2K PU MATT,93 Base,2K Pu Matt - 93 Base,"2K PU MATT,2KPU,SADOLIN,WOODCARE,93 BASE",5841683,DN SADOLIN 2KPU MATT 93 BASE 4L,4L,true,POOLED,
SADOLIN,Matt,2,2K PU,2,2K PU MATT,93 Base,2K Pu Matt - 93 Base,"2K PU MATT,2KPU,SADOLIN,WOODCARE,93 BASE",5841684,DN SADOLIN 2KPU MATT 93 BASE 20L,20L,true,POOLED,
SADOLIN,Matt,2,2K PU,2,2K PU MATT,Exterior Clear,2K Pu Matt - Exterior Clear,"2K PU MATT,2KPU,SADOLIN,WOODCARE,EXTERIOR CLEAR",IN35201271,DN SADOLIN EXTERIOR CLR 2KPU MATT 4L,4L,true,POOLED,
SADOLIN,Matt,2,2K PU,2,2K PU MATT,Exterior Clear,2K Pu Matt - Exterior Clear,"2K PU MATT,2KPU,SADOLIN,WOODCARE,EXTERIOR CLEAR",IN35201272,DN SADOLIN EXTERIOR CLR 2KPU MATT 1L,1L,true,POOLED,
SADOLIN,Matt,2,2K PU,2,2K PU MATT,Exterior Clear,2K Pu Matt - Exterior Clear,"2K PU MATT,2KPU,SADOLIN,WOODCARE,EXTERIOR CLEAR",IN35201281,DN SADOLIN EXTERIOR CLR 2KPU MATT 20L,20L,true,POOLED,
SADOLIN,Matt,2,2K PU,2,2K PU MATT,Interior Clear,2K Pu Matt - Interior Clear,"2K PU MATT,2KPU,SADOLIN,WOODCARE,INTERIOR CLEAR",IN35201071,DN SADOLIN INTERIOR CLR 2KPU MATT 4L,4L,true,POOLED,
SADOLIN,Matt,2,2K PU,2,2K PU MATT,Interior Clear,2K Pu Matt - Interior Clear,"2K PU MATT,2KPU,SADOLIN,WOODCARE,INTERIOR CLEAR",IN35201072,DN SADOLIN INTERIOR CLR 2KPU MATT 1L,1L,true,POOLED,
SADOLIN,Matt,2,2K PU,2,2K PU MATT,Interior Clear,2K Pu Matt - Interior Clear,"2K PU MATT,2KPU,SADOLIN,WOODCARE,INTERIOR CLEAR",IN35201081,DN SADOLIN INTERIOR CLR 2KPU MATT 20L,20L,true,POOLED,
SADOLIN,Matt,2,2K PU,2,2K PU MATT,Opaque White,2K Pu Matt - Opaque White,"2K PU MATT,2KPU,SADOLIN,WOODCARE,OPAQUE WHITE",IN35201671,DN SADOLIN OPQ 2KPU MATT WHITE 4L,4L,true,POOLED,
SADOLIN,Matt,2,2K PU,2,2K PU MATT,Opaque White,2K Pu Matt - Opaque White,"2K PU MATT,2KPU,SADOLIN,WOODCARE,OPAQUE WHITE",IN35201672,DN SADOLIN OPQ 2KPU MATT WHITE 1L,1L,true,POOLED,
SADOLIN,Matt,2,2K PU,2,2K PU MATT,Opaque White,2K Pu Matt - Opaque White,"2K PU MATT,2KPU,SADOLIN,WOODCARE,OPAQUE WHITE",IN35201681,DN SADOLIN OPQ 2KPU MATT WHITE 20L,20L,true,POOLED,
SADOLIN,Matt,2,HYDRO PU,3,HYDRO PU DEAD MATT,Interior Clear,Hydro PU Dead Matt - Interior Clear,"HYDRO PU DEAD MATT,HYDRO PU,WATERBASED PU,WATER BASED,SADOLIN,WOODCARE,G10,INTERIOR",5746644,DN SADOLIN HYDRO PU INT G10 DEAD MATT 1L,1L,TRUE,NEW (not in DB yet),NEW SKU - insert into stock
SADOLIN,Matt,2,HYDRO PU,3,HYDRO PU DEAD MATT,Interior Clear,Hydro PU Dead Matt - Interior Clear,"HYDRO PU DEAD MATT,HYDRO PU,WATERBASED PU,WATER BASED,SADOLIN,WOODCARE,G10,INTERIOR",5746645,DN SADOLIN HYDRO PU INT G10 DEAD MATT 4L,4L,TRUE,NEW (not in DB yet),NEW SKU - insert into stock
SADOLIN,Matt,2,HYDRO PU,3,HYDRO PU MATT,Interior Clear,Hydro PU Matt - Interior Clear,"HYDRO PU MATT,HYDRO PU,WATERBASED PU,WATER BASED,SADOLIN,WOODCARE,G20,INTERIOR",5746708,DN SADOLIN HYDRO PU INT G20 MATT 1L,1L,TRUE,NEW (not in DB yet),NEW SKU - insert into stock
SADOLIN,Matt,2,HYDRO PU,3,HYDRO PU MATT,Interior Clear,Hydro PU Matt - Interior Clear,"HYDRO PU MATT,HYDRO PU,WATERBASED PU,WATER BASED,SADOLIN,WOODCARE,G20,INTERIOR",5746709,DN SADOLIN HYDRO PU INT G20 MATT 4L,4L,TRUE,NEW (not in DB yet),NEW SKU - insert into stock
SADOLIN,Matt,2,PU PRIME,4,PU PRIME MATT,90 Base,Pu Prime Matt - 90 Base,"PU PRIME MATT,PUPRIME,SADOLIN,WOODCARE,90 BASE",5841499,DN SADOLIN PU PRIME 90 BASE MATT 1L,1L,true,POOLED,
SADOLIN,Matt,2,PU PRIME,4,PU PRIME MATT,90 Base,Pu Prime Matt - 90 Base,"PU PRIME MATT,PUPRIME,SADOLIN,WOODCARE,90 BASE",5841500,DPP-SADOLIN PU PRIME MATT BAS 90WHT 4L,4L,true,POOLED,
SADOLIN,Matt,2,PU PRIME,4,PU PRIME MATT,90 Base,Pu Prime Matt - 90 Base,"PU PRIME MATT,PUPRIME,SADOLIN,WOODCARE,90 BASE",5841501,DN SADOLIN PU PRIME 90 BASE MATT 20L,20L,true,POOLED,
SADOLIN,Matt,2,PU PRIME,4,PU PRIME MATT,93 Base,Pu Prime Matt - 93 Base,"PU PRIME MATT,PUPRIME,SADOLIN,WOODCARE,93 BASE",5841505,DN SADOLIN PU PRIME 93 BASE MATT 1L,1L,true,POOLED,
SADOLIN,Matt,2,PU PRIME,4,PU PRIME MATT,93 Base,Pu Prime Matt - 93 Base,"PU PRIME MATT,PUPRIME,SADOLIN,WOODCARE,93 BASE",5841506,DN SADOLIN PU PRIME MATT 93 BASE 4L,4L,true,POOLED,
SADOLIN,Matt,2,PU PRIME,4,PU PRIME MATT,93 Base,Pu Prime Matt - 93 Base,"PU PRIME MATT,PUPRIME,SADOLIN,WOODCARE,93 BASE",5841507,DN SADOLIN PU PRIME 93 BASE MATT 20L,20L,true,POOLED,
SADOLIN,Matt,2,PU PRIME,4,PU PRIME MATT,Clear,Pu Prime Matt - Clear,"PU PRIME MATT,PUPRIME,SADOLIN,WOODCARE,CLEAR",5826212,DN SADOLIN PU PRIME CLEAR MATT 1L,1L,true,POOLED,
SADOLIN,Matt,2,PU PRIME,4,PU PRIME MATT,Clear,Pu Prime Matt - Clear,"PU PRIME MATT,PUPRIME,SADOLIN,WOODCARE,CLEAR",5826213,DN SADOLIN PU PRIME CLEAR MATT 4L,4L,true,POOLED,
SADOLIN,Matt,2,PU PRIME,4,PU PRIME MATT,Clear,Pu Prime Matt - Clear,"PU PRIME MATT,PUPRIME,SADOLIN,WOODCARE,CLEAR",5826214,DN SADOLIN PU PRIME CLEAR MATT 20L,20L,true,POOLED,
SADOLIN,Matt,2,PU PRIME,4,PU PRIME MATT,White,Pu Prime Matt - White,"PU PRIME MATT,PUPRIME,SADOLIN,WOODCARE,WHITE",5826248,DN SADOLIN PU PRIME WHITE MATT 1L,1L,true,POOLED,
SADOLIN,Matt,2,PU PRIME,4,PU PRIME MATT,White,Pu Prime Matt - White,"PU PRIME MATT,PUPRIME,SADOLIN,WOODCARE,WHITE",5826249,DN SADOLIN PU PRIME WHITE MATT 4L,4L,true,POOLED,
SADOLIN,Matt,2,LUXURIO,5,LUXURIO MATT,90 Base,Luxurio Matt - 90 Base,"LUXURIO MATT,LUXURIO,SADOLIN,WOODCARE,90 BASE",5841514,DPP-SADOLIN LUXURIOPUMATT BAS90 WHT 1L,1L,true,POOLED,
SADOLIN,Matt,2,LUXURIO,5,LUXURIO MATT,90 Base,Luxurio Matt - 90 Base,"LUXURIO MATT,LUXURIO,SADOLIN,WOODCARE,90 BASE",5841515,DPP-SADOLIN LUXURIOPUMATT BAS90 WHT 4L,4L,true,POOLED,
SADOLIN,Matt,2,LUXURIO,5,LUXURIO MATT,93 Base,Luxurio Matt - 93 Base,"LUXURIO MATT,LUXURIO,SADOLIN,WOODCARE,93 BASE",5841670,DN SADOLIN LUXURIO PU MATT 93 BASE 1L,1L,true,POOLED,
SADOLIN,Matt,2,LUXURIO,5,LUXURIO MATT,93 Base,Luxurio Matt - 93 Base,"LUXURIO MATT,LUXURIO,SADOLIN,WOODCARE,93 BASE",5841671,DN SADOLIN LUXURIO PU MATT 93 BASE 4L,4L,true,POOLED,
SADOLIN,Matt,2,LUXURIO,5,LUXURIO MATT,Black,Luxurio Matt - Black,"LUXURIO MATT,LUXURIO,SADOLIN,WOODCARE,BLACK",5794050,DN SADOLIN LUXURIO PU MATT BLACK 1L,1L,true,POOLED,
SADOLIN,Matt,2,LUXURIO,5,LUXURIO MATT,Black,Luxurio Matt - Black,"LUXURIO MATT,LUXURIO,SADOLIN,WOODCARE,BLACK",5794051,DN SADOLIN LUXURIO PU MATT BLACK 4L,4L,true,POOLED,
SADOLIN,Matt,2,LUXURIO,5,LUXURIO MATT,Clear,Luxurio Matt - Clear,"LUXURIO MATT,LUXURIO,SADOLIN,WOODCARE,CLEAR",5600819,DN SADOLIN LUXURIO PU MATT 1L,1L,true,POOLED,
SADOLIN,Matt,2,LUXURIO,5,LUXURIO MATT,Clear,Luxurio Matt - Clear,"LUXURIO MATT,LUXURIO,SADOLIN,WOODCARE,CLEAR",5600822,DN SADOLIN LUXURIO PU MATT 4L,4L,true,POOLED,
SADOLIN,Matt,2,LUXURIO,5,LUXURIO MATT,Clear,Luxurio Matt - Clear,"LUXURIO MATT,LUXURIO,SADOLIN,WOODCARE,CLEAR",5600825,DN SADOLIN LUXURIO PU MATT 30L,30L,true,POOLED,
SADOLIN,Matt,2,LUXURIO,5,LUXURIO MATT,White,Luxurio Matt - White,"LUXURIO MATT,LUXURIO,SADOLIN,WOODCARE,WHITE",5794047,DN SADOLIN LUXURIO PU MATT WHITE 1L,1L,true,POOLED,
SADOLIN,Matt,2,LUXURIO,5,LUXURIO MATT,White,Luxurio Matt - White,"LUXURIO MATT,LUXURIO,SADOLIN,WOODCARE,WHITE",5794048,DN SADOLIN LUXURIO PU MATT WHITE 4L,4L,true,POOLED,
SADOLIN,Matt,2,MELAMINE,6,MELAMINE MATT,Clear,Melamine Matt - Clear,"MELAMINE MATT,SADOLIN,WOODCARE",IN35200671,DN SADOLIN INT CLR MELAMINE MATT 4L,4L,true,OK,
SADOLIN,Matt,2,MELAMINE,6,MELAMINE MATT,Clear,Melamine Matt - Clear,"MELAMINE MATT,SADOLIN,WOODCARE",IN35200672,DN SADOLIN INT CLR MELAMINE MATT 1L,1L,true,OK,
SADOLIN,Matt,2,MELAMINE,6,MELAMINE MATT,Clear,Melamine Matt - Clear,"MELAMINE MATT,SADOLIN,WOODCARE",IN35200681,DN SADOLIN INT CLR MELAMINE MATT 20L,20L,true,OK,
SADOLIN,Sealer,3,2K PU,2,2K PU PRIMER SURFACER,White,2K Pu Primer Surfacer,"2K PU PRIMER SURFACER,SADOLIN",IN35201571,DN SADOLIN OPQ 2KPU PRIMER SURFACER 4L,4L,true,OK,
SADOLIN,Sealer,3,2K PU,2,2K PU PRIMER SURFACER,White,2K Pu Primer Surfacer,"2K PU PRIMER SURFACER,SADOLIN",IN35201572,DN SADOLIN OPQ 2KPU PRIMER SURFACER 1L,1L,true,OK,
SADOLIN,Sealer,3,2K PU,2,2K PU PRIMER SURFACER,White,2K Pu Primer Surfacer,"2K PU PRIMER SURFACER,SADOLIN",IN35201581,DN SADOLIN OPQ 2KPU PRIMER SURFACER 20L,20L,true,OK,
SADOLIN,Sealer,3,2K PU,2,2K PU SEALER,Exterior Clear,2K Pu Sealer - Exterior Clear,"2K PU SEALER,2KPU,SADOLIN,WOODCARE,EXTERIOR CLEAR",IN35200171,DN SADOLIN EXTERIOR CLR 2KPU SEALER 4L,4L,true,POOLED,
SADOLIN,Sealer,3,2K PU,2,2K PU SEALER,Exterior Clear,2K Pu Sealer - Exterior Clear,"2K PU SEALER,2KPU,SADOLIN,WOODCARE,EXTERIOR CLEAR",IN35200172,DN SADOLIN EXTERIOR CLR 2KPU SEALER 1L,1L,true,POOLED,
SADOLIN,Sealer,3,2K PU,2,2K PU SEALER,Exterior Clear,2K Pu Sealer - Exterior Clear,"2K PU SEALER,2KPU,SADOLIN,WOODCARE,EXTERIOR CLEAR",IN35200181,DN SADOLIN EXTERIOR CLR 2KPU SEALER 20L,20L,true,POOLED,
SADOLIN,Sealer,3,2K PU,2,2K PU SEALER,Interior Clear,2K Pu Sealer - Interior Clear,"2K PU SEALER,2KPU,SADOLIN,WOODCARE,INTERIOR CLEAR",IN35200371,DN SADOLIN INTERIOR CLR 2KPU SEALER 4L,4L,true,POOLED,
SADOLIN,Sealer,3,2K PU,2,2K PU SEALER,Interior Clear,2K Pu Sealer - Interior Clear,"2K PU SEALER,2KPU,SADOLIN,WOODCARE,INTERIOR CLEAR",IN35200372,DN SADOLIN INTERIOR CLR 2KPU SEALER 1L,1L,true,POOLED,
SADOLIN,Sealer,3,2K PU,2,2K PU SEALER,Interior Clear,2K Pu Sealer - Interior Clear,"2K PU SEALER,2KPU,SADOLIN,WOODCARE,INTERIOR CLEAR",IN35200381,DN SADOLIN INTERIOR CLR 2KPU SEALER 20L,20L,true,POOLED,
SADOLIN,Sealer,3,HYDRO PU,3,HYDRO PU SEALER,Clear,Hydro PU Sealer - Clear,"HYDRO PU SEALER,HYDRO PU,WATERBASED PU,WATER BASED,SADOLIN,WOODCARE,CLEAR,INTERIOR",5746640,DN SADOLIN HYDRO PU CLR SEALER 1L,1L,TRUE,NEW (not in DB yet),NEW SKU - insert into stock
SADOLIN,Sealer,3,HYDRO PU,3,HYDRO PU SEALER,Clear,Hydro PU Sealer - Clear,"HYDRO PU SEALER,HYDRO PU,WATERBASED PU,WATER BASED,SADOLIN,WOODCARE,CLEAR,INTERIOR",5746641,DN SADOLIN HYDRO PU CLR SEALER 4L,4L,TRUE,NEW (not in DB yet),NEW SKU - insert into stock
SADOLIN,Sealer,3,PU PRIME,4,PU PRIME SEALER,Clear,Pu Prime Sealer - Clear,"PU PRIME SEALER,PUPRIME,SADOLIN,WOODCARE,CLEAR",5826251,DN SADOLIN PU PRIME CLEAR SEALER 1L,1L,true,POOLED,
SADOLIN,Sealer,3,PU PRIME,4,PU PRIME SEALER,Clear,Pu Prime Sealer - Clear,"PU PRIME SEALER,PUPRIME,SADOLIN,WOODCARE,CLEAR",5826252,DN SADOLIN PU PRIME CLEAR SEALER 4L,4L,true,POOLED,
SADOLIN,Sealer,3,PU PRIME,4,PU PRIME SEALER,Clear,Pu Prime Sealer - Clear,"PU PRIME SEALER,PUPRIME,SADOLIN,WOODCARE,CLEAR",5826253,DN SADOLIN PU PRIME CLEAR SEALER 20L,20L,true,POOLED,
SADOLIN,Sealer,3,PU PRIME,4,PU PRIME SEALER,White,Pu Prime Sealer - White,"PU PRIME SEALER,PUPRIME,SADOLIN,WOODCARE,WHITE",5826254,DN SADOLIN PU PRIME WHITE SEALER 1L,1L,true,POOLED,
SADOLIN,Sealer,3,PU PRIME,4,PU PRIME SEALER,White,Pu Prime Sealer - White,"PU PRIME SEALER,PUPRIME,SADOLIN,WOODCARE,WHITE",5826255,DN SADOLIN PU PRIME WHITE SEALER 4L,4L,true,POOLED,
SADOLIN,Sealer,3,PU PRIME,4,PU PRIME SEALER,White,Pu Prime Sealer - White,"PU PRIME SEALER,PUPRIME,SADOLIN,WOODCARE,WHITE",5826256,DN SADOLIN PU PRIME WHITE SEALER 20L,20L,true,POOLED,
SADOLIN,Sealer,3,LUXURIO,5,LUXURIO SEALER,Clear,Luxurio Sealer - Clear,"LUXURIO SEALER,LUXURIO,SADOLIN,WOODCARE,CLEAR",5600810,DN SADOLIN LUXURIO PU SEALER 1L,1L,true,POOLED,
SADOLIN,Sealer,3,LUXURIO,5,LUXURIO SEALER,Clear,Luxurio Sealer - Clear,"LUXURIO SEALER,LUXURIO,SADOLIN,WOODCARE,CLEAR",5600813,DN SADOLIN LUXURIO PU SEALER 4L,4L,true,POOLED,
SADOLIN,Sealer,3,LUXURIO,5,LUXURIO SEALER,Clear,Luxurio Sealer - Clear,"LUXURIO SEALER,LUXURIO,SADOLIN,WOODCARE,CLEAR",5600816,DN SADOLIN LUXURIO PU SEALER 30L,30L,true,POOLED,
SADOLIN,Sealer,3,LUXURIO,5,LUXURIO SEALER,White,Luxurio Sealer - White,"LUXURIO SEALER,LUXURIO,SADOLIN,WOODCARE,WHITE",5794056,DN SADOLIN LUXURIO PU SEALER WHITE 1L,1L,true,POOLED,
SADOLIN,Sealer,3,LUXURIO,5,LUXURIO SEALER,White,Luxurio Sealer - White,"LUXURIO SEALER,LUXURIO,SADOLIN,WOODCARE,WHITE",5794057,DN SADOLIN LUXURIO PU SEALER WHITE 4L,4L,true,POOLED,
SADOLIN,Sealer,3,LUXURIO,5,LUXURIO SEALER,White,Luxurio Sealer - White,"LUXURIO SEALER,LUXURIO,SADOLIN,WOODCARE,WHITE",5794058,DN SADOLIN LUXURIO PU SEALER WHITE 30L,30L,true,POOLED,
SADOLIN,Sealer,3,MELAMINE,6,MELAMINE SEALER,Clear,Melamine Sealer - Clear,"MELAMINE SEALER,SADOLIN,WOODCARE",IN35200471,DN SADOLIN INT CLR MELAMINE SEALER 4L,4L,true,OK,
SADOLIN,Sealer,3,MELAMINE,6,MELAMINE SEALER,Clear,Melamine Sealer - Clear,"MELAMINE SEALER,SADOLIN,WOODCARE",IN35200472,DN SADOLIN INT CLR MELAMINE SEALER 1L,1L,true,OK,
SADOLIN,Sealer,3,MELAMINE,6,MELAMINE SEALER,Clear,Melamine Sealer - Clear,"MELAMINE SEALER,SADOLIN,WOODCARE",IN35200481,DN SADOLIN INT CLR MELAMINE SEALER 20L,20L,true,OK,
SADOLIN,Sealer,3,NC,7,NC SANDING SEALER,,NC Sanding Sealer,"NC SANDING SEALER,SADOLIN",IN10300571,DN SADOLIN NC SANDING SEALER 4L,4L,true,OK,
SADOLIN,Sealer,3,NC,7,NC SANDING SEALER,,NC Sanding Sealer,"NC SANDING SEALER,SADOLIN",IN10300572,DN SADOLIN NC SANDING SEALER 1L,1L,true,OK,
SADOLIN,Sealer,3,NC,7,NC SANDING SEALER,,NC Sanding Sealer,"NC SANDING SEALER,SADOLIN",IN10300573,DN SADOLIN NC SANDING SEALER 500ML,500ML,true,OK,
SADOLIN,Sealer,3,NC,7,NC SANDING SEALER,,NC Sanding Sealer,"NC SANDING SEALER,SADOLIN",IN10300581,DN SADOLIN NC SANDING SEALER 20L,20L,true,OK,
SADOLIN,Thinner,4,2K PU,2,2K PU THINNER,,2K Pu Thinner,"2K PU THINNER,SADOLIN,WOODCARE",IN35521429,DN SADOLIN 2KPU THINNER 3L,3L,true,HIDDEN,FIX 3L needs desktop bucket
SADOLIN,Thinner,4,2K PU,2,2K PU THINNER,,2K Pu Thinner,"2K PU THINNER,SADOLIN,WOODCARE",IN35521472,DN SADOLIN 2KPU THINNER 1L,1L,true,OK,
SADOLIN,Thinner,4,2K PU,2,2K PU THINNER,,2K Pu Thinner,"2K PU THINNER,SADOLIN,WOODCARE",IN35521481,DN SADOLIN 2KPU THINNER 20L,20L,true,OK,
SADOLIN,Thinner,4,PU PRIME,4,PU PRIME THINNER,,Pu Prime Thinner,"PU PRIME THINNER,SADOLIN,WOODCARE",5826259,DN SADOLIN PU PRIME THINNER 1L,1L,true,OK,
SADOLIN,Thinner,4,PU PRIME,4,PU PRIME THINNER,,Pu Prime Thinner,"PU PRIME THINNER,SADOLIN,WOODCARE",5826260,DN SADOLIN PU PRIME THINNER 5L,5L,true,OK,
SADOLIN,Thinner,4,PU PRIME,4,PU PRIME THINNER,,Pu Prime Thinner,"PU PRIME THINNER,SADOLIN,WOODCARE",5826261,DN SADOLIN PU PRIME THINNER 20L,20L,true,OK,
SADOLIN,Thinner,4,MELAMINE,6,MELAMINE THINNER,,Melamine Thinner,"MELAMINE THINNER,SADOLIN",IN61203872,DN SADOLIN MELAMINE THINNER 1L,1L,true,OK,
SADOLIN,Thinner,4,MELAMINE,6,MELAMINE THINNER,,Melamine Thinner,"MELAMINE THINNER,SADOLIN",IN61203876,DN SADOLIN MELAMINE THINNER 5L,5L,true,OK,
SADOLIN,Thinner,4,MELAMINE,6,MELAMINE THINNER,,Melamine Thinner,"MELAMINE THINNER,SADOLIN",IN61203881,DN SADOLIN MELAMINE THINNER 20L,20L,true,OK,
SADOLIN,Thinner,4,NC,7,NC NECOL THINNER,,NC Necol Thinner,"NC NECOL THINNER,NECOL,SADOLIN",IN60904272,NC NECOL  THINNER 1L,1L,true,OK,
SADOLIN,Thinner,4,NC,7,NC NECOL THINNER,,NC Necol Thinner,"NC NECOL THINNER,NECOL,SADOLIN",IN60904276,NC NECOL  THINNER 5L,5L,true,OK,
SADOLIN,Thinner,4,NC,7,NC NECOL THINNER,,NC Necol Thinner,"NC NECOL THINNER,NECOL,SADOLIN",IN60904281,NC NECOL  THINNER 20L,20L,true,OK,
SADOLIN,Thinner,4,NC,7,NC WOOD THINNER,,NC Wood Thinner,"NC WOOD THINNER,SADOLIN",IN10120071,DN SADOLIN NC WOOD THINNER 4L,4L,true,OK,
SADOLIN,Thinner,4,NC,7,NC WOOD THINNER,,NC Wood Thinner,"NC WOOD THINNER,SADOLIN",IN10120072,DN SADOLIN NC WOOD THINNER 1L,1L,true,OK,
SADOLIN,Lacquer / Varnish,5,NC,7,NC CLEAR LACQUER,Clear,NC Clear Lacquer,"NC LACQUER,NITROCELLULOSE,SADOLIN",IN01300571,DN SADOLIN NC CLEAR LACQUER 4L,4L,true,OK,
SADOLIN,Lacquer / Varnish,5,NC,7,NC CLEAR LACQUER,Clear,NC Clear Lacquer,"NC LACQUER,NITROCELLULOSE,SADOLIN",IN01300572,DN SADOLIN NC CLEAR LACQUER 1L,1L,true,OK,
SADOLIN,Lacquer / Varnish,5,NC,7,NC CLEAR LACQUER,Clear,NC Clear Lacquer,"NC LACQUER,NITROCELLULOSE,SADOLIN",IN01300573,DN SADOLIN NC CLEAR LACQUER 500ML,500ML,true,OK,
SADOLIN,Lacquer / Varnish,5,NC,7,NC NECOL,Black,NC Necol - Black,"NC NECOL,NECOL,SADOLIN",IN08100772,NC NECOL BLACK 1L,1L,true,OK,
SADOLIN,Lacquer / Varnish,5,NC,7,NC NECOL,White,NC Necol - White,"NC NECOL,NECOL,SADOLIN",IN08100671,NC NECOL WHITE 4L,4L,true,OK,
SADOLIN,Lacquer / Varnish,5,NC,7,NC NECOL,White,NC Necol - White,"NC NECOL,NECOL,SADOLIN",IN08100672,NC NECOL WHITE 1L,1L,true,OK,
SADOLIN,Lacquer / Varnish,5,NC,7,NC NECOL CLEAR,Clear,NC Necol Clear,"NC NECOL CLEAR,NECOL,SADOLIN",IN01033071,NC NECOL NC CLEAR 4LT,4L,true,OK,
SADOLIN,Lacquer / Varnish,5,NC,7,NC NECOL CLEAR,Clear,NC Necol Clear,"NC NECOL CLEAR,NECOL,SADOLIN",IN01033072,NC NECOL NC CLEAR 1L,1L,true,OK,
SADOLIN,Lacquer / Varnish,5,NC,7,NC OPAQUE,White,NC Opaque,"NC OPAQUE,SADOLIN",IN03320171,DN SADOLIN NC OPAQUE FINISH 4L,4L,true,OK,
SADOLIN,Lacquer / Varnish,5,Synthetic,8,SYNTHETIC VARNISH,Clear,Synthetic Varnish,"SYNTHETIC VARNISH,SADOLIN,WOODCARE,CLEAR",IN20109171,DN SADOLIN SYNTHETIC CLEAR VARNISH 4L,4L,true,OK,
SADOLIN,Lacquer / Varnish,5,Synthetic,8,SYNTHETIC VARNISH,Clear,Synthetic Varnish,"SYNTHETIC VARNISH,SADOLIN,WOODCARE,CLEAR",IN20109172,DN SADOLIN SYNTHETIC CLEAR VARNISH 1L,1L,true,OK,
SADOLIN,Lacquer / Varnish,5,Synthetic,8,SYNTHETIC VARNISH,Clear,Synthetic Varnish,"SYNTHETIC VARNISH,SADOLIN,WOODCARE,CLEAR",IN20109173,DN SADOLIN SYNTHETIC CLEAR VARNISH 500ML,500ML,true,HIDDEN,FIX unit L->ML (500ML)
SADOLIN,Lacquer / Varnish,5,Synthetic,8,SYNTHETIC VARNISH,Clear,Synthetic Varnish,"SYNTHETIC VARNISH,SADOLIN,WOODCARE,CLEAR",IN20109181,DN SADOLIN SYNTHETIC CLEAR VARNISH 20L,20L,true,OK,
SADOLIN,Filler / Stain,6,WOOD FILLER,9,WOOD FILLER,Teak,Wood Filler - Teak,"WOOD FILLER,SADOLIN,TEAK",IN35203103,DN SADOLIN WOOD FILLER TEAK 1KG,1KG,true,OK,
SADOLIN,Filler / Stain,6,WOOD FILLER,9,WOOD FILLER,Walnut,Wood Filler - Walnut,"WOOD FILLER,SADOLIN,WALNUT",IN35203202,DN SADOLIN WOOD FILLER WALNUT 500G,500GM,true,OK,
SADOLIN,Filler / Stain,6,WOOD FILLER,9,WOOD FILLER,Walnut,Wood Filler - Walnut,"WOOD FILLER,SADOLIN,WALNUT",IN35203203,DN SADOLIN WOOD FILLER WALNUT 1KG,1L,true,HIDDEN,FIX pack 1L->1KG
SADOLIN,Filler / Stain,6,WOOD FILLER,9,WOOD FILLER,White,Wood Filler - White,"WOOD FILLER,SADOLIN,WHITE",IN35202003,DN SADOLIN WOOD FILLER WHITE 1KG,1KG,true,OK,DUP White 1KG - keep one primary
SADOLIN,Filler / Stain,6,WOOD FILLER,9,WOOD FILLER,White,Wood Filler - White,"WOOD FILLER,SADOLIN,WHITE",IN35203003,DN SADOLIN WOOD FILLER WHITE 1KG,1KG,true,OK,DUP White 1KG - keep one primary
SADOLIN,Filler / Stain,6,WOOD STAIN,10,WOOD STAIN,Charcoal,Wood Stain - Charcoal,"WOOD STAIN,SADOLIN,CHARCOAL",IN35202298,DN SADOLIN WOOD STAIN CHARCOAL 100ML,100ML,true,OK,
SADOLIN,Filler / Stain,6,WOOD STAIN,10,WOOD STAIN,Rosewood,Wood Stain - Rosewood,"WOOD STAIN,SADOLIN,ROSEWOOD",IN35202672,DN SADOLIN WOOD STAIN ROSEWOOD 1L,1L,true,OK,
SADOLIN,Filler / Stain,6,WOOD STAIN,10,WOOD STAIN,Teak,Wood Stain - Teak,"WOOD STAIN,SADOLIN,TEAK",IN35202472,DN SADOLIN WOOD STAIN TEAK 1L,1L,true,OK,
SADOLIN,Filler / Stain,6,WOOD STAIN,10,WOOD STAIN,Walnut,Wood Stain - Walnut,"WOOD STAIN,SADOLIN,WALNUT",IN35202173,DN SADOLIN WOOD STAIN WALNUT 500ML,500ML,true,OK,
